"","values","cell_types","models","cols"
"1",0.521039501182173,"Cancer cells","BisqueRNA","uncorrected_woProl_gd"
"2",0.132617720661648,"Stromal cells","BisqueRNA","uncorrected_woProl_gd"
"3",0.0896045872736794,"Macro/mono Lineage","BisqueRNA","uncorrected_woProl_gd"
"4",0.109388685909561,"Bcells","BisqueRNA","uncorrected_woProl_gd"
"5",0.147680284489452,"CD4 Tcells","BisqueRNA","uncorrected_woProl_gd"
"6",0.13695213602776,"Regulatory CD4 Tcells","BisqueRNA","uncorrected_woProl_gd"
"7",0.113436308153795,"CD8 Tcells","BisqueRNA","uncorrected_woProl_gd"
"8",0.0985400587068403,"NK cells","BisqueRNA","uncorrected_woProl_gd"
"9",0.550488938380508,"Cancer cells","BisqueRNA","uncorrected_woProl_gdwoOthers"
"10",0.131223766195502,"Stromal cells","BisqueRNA","uncorrected_woProl_gdwoOthers"
"11",0.0881500216610945,"Macro/mono Lineage","BisqueRNA","uncorrected_woProl_gdwoOthers"
"12",0.109252876752767,"Bcells","BisqueRNA","uncorrected_woProl_gdwoOthers"
"13",0.14600453819747,"CD4 Tcells","BisqueRNA","uncorrected_woProl_gdwoOthers"
"14",0.136631340721928,"Regulatory CD4 Tcells","BisqueRNA","uncorrected_woProl_gdwoOthers"
"15",0.111548585947095,"CD8 Tcells","BisqueRNA","uncorrected_woProl_gdwoOthers"
"16",0.0983708334028117,"NK cells","BisqueRNA","uncorrected_woProl_gdwoOthers"
"17",0.554504408830096,"Cancer cells","BSeqSC","uncorrected_woProl_gd"
"18",0.209831611524345,"Stromal cells","BSeqSC","uncorrected_woProl_gd"
"19",0.060393020258789,"Macro/mono Lineage","BSeqSC","uncorrected_woProl_gd"
"20",0.200791983922761,"Bcells","BSeqSC","uncorrected_woProl_gd"
"21",0.253753475352468,"CD4 Tcells","BSeqSC","uncorrected_woProl_gd"
"22",0.264246224115734,"Regulatory CD4 Tcells","BSeqSC","uncorrected_woProl_gd"
"23",0.0755593345610699,"CD8 Tcells","BSeqSC","uncorrected_woProl_gd"
"24",0.0175328337140213,"NK cells","BSeqSC","uncorrected_woProl_gd"
"25",0.583309916279165,"Cancer cells","BSeqSC","uncorrected_woProl_gdwoOthers"
"26",0.205209492540064,"Stromal cells","BSeqSC","uncorrected_woProl_gdwoOthers"
"27",0.0655640296738458,"Macro/mono Lineage","BSeqSC","uncorrected_woProl_gdwoOthers"
"28",0.200651880405361,"Bcells","BSeqSC","uncorrected_woProl_gdwoOthers"
"29",0.252577542654364,"CD4 Tcells","BSeqSC","uncorrected_woProl_gdwoOthers"
"30",0.263848824444552,"Regulatory CD4 Tcells","BSeqSC","uncorrected_woProl_gdwoOthers"
"31",0.0755646249623379,"CD8 Tcells","BSeqSC","uncorrected_woProl_gdwoOthers"
"32",0.0174378301069281,"NK cells","BSeqSC","uncorrected_woProl_gdwoOthers"
"33",0.238579464145231,"Cancer cells","CIBERSORTx","uncorrected_woProl_gd"
"34",0.277065177793423,"Stromal cells","CIBERSORTx","uncorrected_woProl_gd"
"35",0.0759543330999755,"Macro/mono Lineage","CIBERSORTx","uncorrected_woProl_gd"
"36",0.0712308383785589,"Bcells","CIBERSORTx","uncorrected_woProl_gd"
"37",0.0304299777841365,"CD4 Tcells","CIBERSORTx","uncorrected_woProl_gd"
"38",0.00933809814069572,"Regulatory CD4 Tcells","CIBERSORTx","uncorrected_woProl_gd"
"39",0.0142726789010137,"CD8 Tcells","CIBERSORTx","uncorrected_woProl_gd"
"40",0.00475716895576284,"NK cells","CIBERSORTx","uncorrected_woProl_gd"
"41",0.258078221725871,"Cancer cells","CIBERSORTx","uncorrected_woProl_gdwoOthers"
"42",0.272121278311214,"Stromal cells","CIBERSORTx","uncorrected_woProl_gdwoOthers"
"43",0.0811781178171799,"Macro/mono Lineage","CIBERSORTx","uncorrected_woProl_gdwoOthers"
"44",0.0709896715300259,"Bcells","CIBERSORTx","uncorrected_woProl_gdwoOthers"
"45",0.0335527123247001,"CD4 Tcells","CIBERSORTx","uncorrected_woProl_gdwoOthers"
"46",0.0100078959210876,"Regulatory CD4 Tcells","CIBERSORTx","uncorrected_woProl_gdwoOthers"
"47",0.0158844892555095,"CD8 Tcells","CIBERSORTx","uncorrected_woProl_gdwoOthers"
"48",0.00499416941866234,"NK cells","CIBERSORTx","uncorrected_woProl_gdwoOthers"
"49",0.292125551660088,"Cancer cells","DigitalDLSorter","uncorrected_woProl_gd"
"50",0.279197238538658,"Stromal cells","DigitalDLSorter","uncorrected_woProl_gd"
"51",0.0685903758045978,"Macro/mono Lineage","DigitalDLSorter","uncorrected_woProl_gd"
"52",0.0154106159535487,"Bcells","DigitalDLSorter","uncorrected_woProl_gd"
"53",0.0312534614969461,"CD4 Tcells","DigitalDLSorter","uncorrected_woProl_gd"
"54",0.00807403530303014,"Regulatory CD4 Tcells","DigitalDLSorter","uncorrected_woProl_gd"
"55",0.0156219585186716,"CD8 Tcells","DigitalDLSorter","uncorrected_woProl_gd"
"56",0.0183621990259708,"NK cells","DigitalDLSorter","uncorrected_woProl_gd"
"57",0.295697217744097,"Cancer cells","DigitalDLSorter","uncorrected_woProl_gdwoOthers"
"58",0.277465815550314,"Stromal cells","DigitalDLSorter","uncorrected_woProl_gdwoOthers"
"59",0.0720062086172514,"Macro/mono Lineage","DigitalDLSorter","uncorrected_woProl_gdwoOthers"
"60",0.0152578090647782,"Bcells","DigitalDLSorter","uncorrected_woProl_gdwoOthers"
"61",0.0339461442825023,"CD4 Tcells","DigitalDLSorter","uncorrected_woProl_gdwoOthers"
"62",0.00798782267248438,"Regulatory CD4 Tcells","DigitalDLSorter","uncorrected_woProl_gdwoOthers"
"63",0.0167331505498642,"CD8 Tcells","DigitalDLSorter","uncorrected_woProl_gdwoOthers"
"64",0.0182099289403345,"NK cells","DigitalDLSorter","uncorrected_woProl_gdwoOthers"
"65",0.242140520930169,"Cancer cells","DWLS","uncorrected_woProl_gd"
"66",0.224156516472184,"Stromal cells","DWLS","uncorrected_woProl_gd"
"67",0.0873166409796032,"Macro/mono Lineage","DWLS","uncorrected_woProl_gd"
"68",0.19591526154475,"Bcells","DWLS","uncorrected_woProl_gd"
"69",0.0417213495980371,"CD4 Tcells","DWLS","uncorrected_woProl_gd"
"70",0.00844337654790708,"Regulatory CD4 Tcells","DWLS","uncorrected_woProl_gd"
"71",0.0132586132580738,"CD8 Tcells","DWLS","uncorrected_woProl_gd"
"72",0.00475586418881224,"NK cells","DWLS","uncorrected_woProl_gd"
"73",0.267015538042577,"Cancer cells","DWLS","uncorrected_woProl_gdwoOthers"
"74",0.218836780579316,"Stromal cells","DWLS","uncorrected_woProl_gdwoOthers"
"75",0.0923998135615627,"Macro/mono Lineage","DWLS","uncorrected_woProl_gdwoOthers"
"76",0.195687662859914,"Bcells","DWLS","uncorrected_woProl_gdwoOthers"
"77",0.0449315913468184,"CD4 Tcells","DWLS","uncorrected_woProl_gdwoOthers"
"78",0.00853763013070096,"Regulatory CD4 Tcells","DWLS","uncorrected_woProl_gdwoOthers"
"79",0.0145984395886381,"CD8 Tcells","DWLS","uncorrected_woProl_gdwoOthers"
"80",0.00496950940471986,"NK cells","DWLS","uncorrected_woProl_gdwoOthers"
"81",0.61622129708984,"Cancer cells","MOMF","uncorrected_woProl_gd"
"82",0.118002419456047,"Stromal cells","MOMF","uncorrected_woProl_gd"
"83",0.0629856940459934,"Macro/mono Lineage","MOMF","uncorrected_woProl_gd"
"84",0.0166143323922269,"Bcells","MOMF","uncorrected_woProl_gd"
"85",0.0441609019534661,"CD4 Tcells","MOMF","uncorrected_woProl_gd"
"86",0.0996040378194903,"Regulatory CD4 Tcells","MOMF","uncorrected_woProl_gd"
"87",0.226767555741972,"CD8 Tcells","MOMF","uncorrected_woProl_gd"
"88",0.524220483700869,"NK cells","MOMF","uncorrected_woProl_gd"
"89",0.645015995753475,"Cancer cells","MOMF","uncorrected_woProl_gdwoOthers"
"90",0.115185473685263,"Stromal cells","MOMF","uncorrected_woProl_gdwoOthers"
"91",0.0686129598592423,"Macro/mono Lineage","MOMF","uncorrected_woProl_gdwoOthers"
"92",0.0165988648116047,"Bcells","MOMF","uncorrected_woProl_gdwoOthers"
"93",0.04749965883081,"CD4 Tcells","MOMF","uncorrected_woProl_gdwoOthers"
"94",0.0991953807252285,"Regulatory CD4 Tcells","MOMF","uncorrected_woProl_gdwoOthers"
"95",0.22619427104669,"CD8 Tcells","MOMF","uncorrected_woProl_gdwoOthers"
"96",0.524065493396506,"NK cells","MOMF","uncorrected_woProl_gdwoOthers"
"97",0.485744734401442,"Cancer cells","MuSiC_wGrouping","uncorrected_woProl_gd"
"98",0.16543805826013,"Stromal cells","MuSiC_wGrouping","uncorrected_woProl_gd"
"99",0.176665001413564,"Macro/mono Lineage","MuSiC_wGrouping","uncorrected_woProl_gd"
"100",0.0358478948462643,"Bcells","MuSiC_wGrouping","uncorrected_woProl_gd"
"101",0.0362687290077999,"CD4 Tcells","MuSiC_wGrouping","uncorrected_woProl_gd"
"102",0.0751777843274868,"Regulatory CD4 Tcells","MuSiC_wGrouping","uncorrected_woProl_gd"
"103",0.0990139080923481,"CD8 Tcells","MuSiC_wGrouping","uncorrected_woProl_gd"
"104",0.0599826873474971,"NK cells","MuSiC_wGrouping","uncorrected_woProl_gd"
"105",0.514117829976374,"Cancer cells","MuSiC_wGrouping","uncorrected_woProl_gdwoOthers"
"106",0.162056981093216,"Stromal cells","MuSiC_wGrouping","uncorrected_woProl_gdwoOthers"
"107",0.173478422936359,"Macro/mono Lineage","MuSiC_wGrouping","uncorrected_woProl_gdwoOthers"
"108",0.0356324814728427,"Bcells","MuSiC_wGrouping","uncorrected_woProl_gdwoOthers"
"109",0.0396128729974731,"CD4 Tcells","MuSiC_wGrouping","uncorrected_woProl_gdwoOthers"
"110",0.0746129251070207,"Regulatory CD4 Tcells","MuSiC_wGrouping","uncorrected_woProl_gdwoOthers"
"111",0.0979428438431109,"CD8 Tcells","MuSiC_wGrouping","uncorrected_woProl_gdwoOthers"
"112",0.0598022815276097,"NK cells","MuSiC_wGrouping","uncorrected_woProl_gdwoOthers"
"113",0.16872807040806,"Cancer cells","Scaden","uncorrected_woProl_gd"
"114",0.284332612242522,"Stromal cells","Scaden","uncorrected_woProl_gd"
"115",0.0863567260214497,"Macro/mono Lineage","Scaden","uncorrected_woProl_gd"
"116",0.00478362646328824,"Bcells","Scaden","uncorrected_woProl_gd"
"117",0.0441061631429489,"CD4 Tcells","Scaden","uncorrected_woProl_gd"
"118",0.00857421914403956,"Regulatory CD4 Tcells","Scaden","uncorrected_woProl_gd"
"119",0.0205354530527863,"CD8 Tcells","Scaden","uncorrected_woProl_gd"
"120",0.00459793188835161,"NK cells","Scaden","uncorrected_woProl_gd"
"121",0.181276928882736,"Cancer cells","Scaden","uncorrected_woProl_gdwoOthers"
"122",0.278336065671845,"Stromal cells","Scaden","uncorrected_woProl_gdwoOthers"
"123",0.092311605751739,"Macro/mono Lineage","Scaden","uncorrected_woProl_gdwoOthers"
"124",0.00501799609640131,"Bcells","Scaden","uncorrected_woProl_gdwoOthers"
"125",0.047445575643025,"CD4 Tcells","Scaden","uncorrected_woProl_gdwoOthers"
"126",0.0092585377089788,"Regulatory CD4 Tcells","Scaden","uncorrected_woProl_gdwoOthers"
"127",0.0225198247314856,"CD8 Tcells","Scaden","uncorrected_woProl_gdwoOthers"
"128",0.00481878290676069,"NK cells","Scaden","uncorrected_woProl_gdwoOthers"
"129",0.528241518948486,"Cancer cells","SCDC","uncorrected_woProl_gd"
"130",0.642117609012577,"Stromal cells","SCDC","uncorrected_woProl_gd"
"131",0.0757554540897448,"Macro/mono Lineage","SCDC","uncorrected_woProl_gd"
"132",0.00422675222354473,"Bcells","SCDC","uncorrected_woProl_gd"
"133",0.0441609019534661,"CD4 Tcells","SCDC","uncorrected_woProl_gd"
"134",0.0202389165377093,"Regulatory CD4 Tcells","SCDC","uncorrected_woProl_gd"
"135",0.0220370755889422,"CD8 Tcells","SCDC","uncorrected_woProl_gd"
"136",0.0237866984392222,"NK cells","SCDC","uncorrected_woProl_gd"
"137",0.557641260675346,"Cancer cells","SCDC","uncorrected_woProl_gdwoOthers"
"138",0.635102811120783,"Stromal cells","SCDC","uncorrected_woProl_gdwoOthers"
"139",0.0775682145831776,"Macro/mono Lineage","SCDC","uncorrected_woProl_gdwoOthers"
"140",0.0045844294643717,"Bcells","SCDC","uncorrected_woProl_gdwoOthers"
"141",0.04749965883081,"CD4 Tcells","SCDC","uncorrected_woProl_gdwoOthers"
"142",0.019835789353696,"Regulatory CD4 Tcells","SCDC","uncorrected_woProl_gdwoOthers"
"143",0.0239655565272747,"CD8 Tcells","SCDC","uncorrected_woProl_gdwoOthers"
"144",0.0236519508233883,"NK cells","SCDC","uncorrected_woProl_gdwoOthers"
"145",0.53023680751737,"Cancer cells","BisqueRNA","uncorrected_gd"
"146",0.115659099556197,"Stromal cells","BisqueRNA","uncorrected_gd"
"147",0.0841873114178513,"Macro/mono Lineage","BisqueRNA","uncorrected_gd"
"148",0.104187117162163,"Bcells","BisqueRNA","uncorrected_gd"
"149",0.136844917687383,"CD4 Tcells","BisqueRNA","uncorrected_gd"
"150",0.129913311432774,"Regulatory CD4 Tcells","BisqueRNA","uncorrected_gd"
"151",0.10400936459104,"CD8 Tcells","BisqueRNA","uncorrected_gd"
"152",0.101074335153471,"Proliferative Tcells","BisqueRNA","uncorrected_gd"
"153",0.0897433010029571,"NK cells","BisqueRNA","uncorrected_gd"
"154",0.559607063730784,"Cancer cells","BisqueRNA","uncorrected_gdwoOthers"
"155",0.114882571768169,"Stromal cells","BisqueRNA","uncorrected_gdwoOthers"
"156",0.0830799146447827,"Macro/mono Lineage","BisqueRNA","uncorrected_gdwoOthers"
"157",0.104045173803049,"Bcells","BisqueRNA","uncorrected_gdwoOthers"
"158",0.135426896761131,"CD4 Tcells","BisqueRNA","uncorrected_gdwoOthers"
"159",0.129573858560695,"Regulatory CD4 Tcells","BisqueRNA","uncorrected_gdwoOthers"
"160",0.102254248847664,"CD8 Tcells","BisqueRNA","uncorrected_gdwoOthers"
"161",0.101009676708921,"Proliferative Tcells","BisqueRNA","uncorrected_gdwoOthers"
"162",0.0895680641132249,"NK cells","BisqueRNA","uncorrected_gdwoOthers"
"163",0.5768682301852,"Cancer cells","BSeqSC","uncorrected_gd"
"164",0.140342695817865,"Stromal cells","BSeqSC","uncorrected_gd"
"165",0.0639807147714916,"Macro/mono Lineage","BSeqSC","uncorrected_gd"
"166",0.156183933000269,"Bcells","BSeqSC","uncorrected_gd"
"167",0.161710844368883,"CD4 Tcells","BSeqSC","uncorrected_gd"
"168",0.122710080284733,"Regulatory CD4 Tcells","BSeqSC","uncorrected_gd"
"169",0.0329571069205665,"CD8 Tcells","BSeqSC","uncorrected_gd"
"170",0.383493486605698,"Proliferative Tcells","BSeqSC","uncorrected_gd"
"171",0.00896459235037251,"NK cells","BSeqSC","uncorrected_gd"
"172",0.605971782597637,"Cancer cells","BSeqSC","uncorrected_gdwoOthers"
"173",0.138711896155365,"Stromal cells","BSeqSC","uncorrected_gdwoOthers"
"174",0.0696091929851417,"Macro/mono Lineage","BSeqSC","uncorrected_gdwoOthers"
"175",0.155986273821335,"Bcells","BSeqSC","uncorrected_gdwoOthers"
"176",0.161524316007885,"CD4 Tcells","BSeqSC","uncorrected_gdwoOthers"
"177",0.122407122268263,"Regulatory CD4 Tcells","BSeqSC","uncorrected_gdwoOthers"
"178",0.0342093860159129,"CD8 Tcells","BSeqSC","uncorrected_gdwoOthers"
"179",0.383391938158921,"Proliferative Tcells","BSeqSC","uncorrected_gdwoOthers"
"180",0.00902940579328286,"NK cells","BSeqSC","uncorrected_gdwoOthers"
"181",0.204043958802842,"Cancer cells","CIBERSORTx","uncorrected_gd"
"182",0.218498164986185,"Stromal cells","CIBERSORTx","uncorrected_gd"
"183",0.0793303026734141,"Macro/mono Lineage","CIBERSORTx","uncorrected_gd"
"184",0.0582071575982503,"Bcells","CIBERSORTx","uncorrected_gd"
"185",0.0337807694198181,"CD4 Tcells","CIBERSORTx","uncorrected_gd"
"186",0.00978825196544154,"Regulatory CD4 Tcells","CIBERSORTx","uncorrected_gd"
"187",0.0223889277091139,"CD8 Tcells","CIBERSORTx","uncorrected_gd"
"188",0.0928940873556443,"Proliferative Tcells","CIBERSORTx","uncorrected_gd"
"189",0.00462077936726697,"NK cells","CIBERSORTx","uncorrected_gd"
"190",0.225311584822395,"Cancer cells","CIBERSORTx","uncorrected_gdwoOthers"
"191",0.214067357031711,"Stromal cells","CIBERSORTx","uncorrected_gdwoOthers"
"192",0.0849056286858093,"Macro/mono Lineage","CIBERSORTx","uncorrected_gdwoOthers"
"193",0.0579547667257575,"Bcells","CIBERSORTx","uncorrected_gdwoOthers"
"194",0.0371004644870137,"CD4 Tcells","CIBERSORTx","uncorrected_gdwoOthers"
"195",0.0103475010303267,"Regulatory CD4 Tcells","CIBERSORTx","uncorrected_gdwoOthers"
"196",0.0243284014647083,"CD8 Tcells","CIBERSORTx","uncorrected_gdwoOthers"
"197",0.0927905541987342,"Proliferative Tcells","CIBERSORTx","uncorrected_gdwoOthers"
"198",0.00483156333410929,"NK cells","CIBERSORTx","uncorrected_gdwoOthers"
"199",0.281877506281883,"Cancer cells","DigitalDLSorter","uncorrected_gd"
"200",0.246497807324546,"Stromal cells","DigitalDLSorter","uncorrected_gd"
"201",0.0708385256796825,"Macro/mono Lineage","DigitalDLSorter","uncorrected_gd"
"202",0.0168189964659662,"Bcells","DigitalDLSorter","uncorrected_gd"
"203",0.0336100314814736,"CD4 Tcells","DigitalDLSorter","uncorrected_gd"
"204",0.00841946094944769,"Regulatory CD4 Tcells","DigitalDLSorter","uncorrected_gd"
"205",0.0151980697313264,"CD8 Tcells","DigitalDLSorter","uncorrected_gd"
"206",0.0612130502395576,"Proliferative Tcells","DigitalDLSorter","uncorrected_gd"
"207",0.0114280383074745,"NK cells","DigitalDLSorter","uncorrected_gd"
"208",0.284348705979695,"Cancer cells","DigitalDLSorter","uncorrected_gdwoOthers"
"209",0.245401638241611,"Stromal cells","DigitalDLSorter","uncorrected_gdwoOthers"
"210",0.0753234688868209,"Macro/mono Lineage","DigitalDLSorter","uncorrected_gdwoOthers"
"211",0.016711336128397,"Bcells","DigitalDLSorter","uncorrected_gdwoOthers"
"212",0.036806155511645,"CD4 Tcells","DigitalDLSorter","uncorrected_gdwoOthers"
"213",0.00832024282534597,"Regulatory CD4 Tcells","DigitalDLSorter","uncorrected_gdwoOthers"
"214",0.0160510230902184,"CD8 Tcells","DigitalDLSorter","uncorrected_gdwoOthers"
"215",0.0610240473696888,"Proliferative Tcells","DigitalDLSorter","uncorrected_gdwoOthers"
"216",0.0113246415907266,"NK cells","DigitalDLSorter","uncorrected_gdwoOthers"
"217",0.339657466552427,"Cancer cells","DWLS","uncorrected_gd"
"218",0.174950010750353,"Stromal cells","DWLS","uncorrected_gd"
"219",0.0788049825648498,"Macro/mono Lineage","DWLS","uncorrected_gd"
"220",0.275777352815167,"Bcells","DWLS","uncorrected_gd"
"221",0.0365799505053115,"CD4 Tcells","DWLS","uncorrected_gd"
"222",0.0152612651085008,"Regulatory CD4 Tcells","DWLS","uncorrected_gd"
"223",0.0223889277091123,"CD8 Tcells","DWLS","uncorrected_gd"
"224",0.0368056726087156,"Proliferative Tcells","DWLS","uncorrected_gd"
"225",0.00475716895576284,"NK cells","DWLS","uncorrected_gd"
"226",0.36735038521294,"Cancer cells","DWLS","uncorrected_gdwoOthers"
"227",0.171673548373801,"Stromal cells","DWLS","uncorrected_gdwoOthers"
"228",0.0789282014546762,"Macro/mono Lineage","DWLS","uncorrected_gdwoOthers"
"229",0.27555289659968,"Bcells","DWLS","uncorrected_gdwoOthers"
"230",0.039730929302844,"CD4 Tcells","DWLS","uncorrected_gdwoOthers"
"231",0.0151371402958033,"Regulatory CD4 Tcells","DWLS","uncorrected_gdwoOthers"
"232",0.0243284014647067,"CD8 Tcells","DWLS","uncorrected_gdwoOthers"
"233",0.0366619496396009,"Proliferative Tcells","DWLS","uncorrected_gdwoOthers"
"234",0.00499416941866234,"NK cells","DWLS","uncorrected_gdwoOthers"
"235",0.647425505930284,"Cancer cells","MOMF","uncorrected_gd"
"236",0.281297747554072,"Stromal cells","MOMF","uncorrected_gd"
"237",0.0846164142759481,"Macro/mono Lineage","MOMF","uncorrected_gd"
"238",0.0127130958951386,"Bcells","MOMF","uncorrected_gd"
"239",0.0441609019534661,"CD4 Tcells","MOMF","uncorrected_gd"
"240",0.119221956305711,"Regulatory CD4 Tcells","MOMF","uncorrected_gd"
"241",0.231941041476498,"CD8 Tcells","MOMF","uncorrected_gd"
"242",0.0188861247347088,"Proliferative Tcells","MOMF","uncorrected_gd"
"243",0.374229053039337,"NK cells","MOMF","uncorrected_gd"
"244",0.676201144895396,"Cancer cells","MOMF","uncorrected_gdwoOthers"
"245",0.275656434092691,"Stromal cells","MOMF","uncorrected_gdwoOthers"
"246",0.0905755827577336,"Macro/mono Lineage","MOMF","uncorrected_gdwoOthers"
"247",0.0127796405377193,"Bcells","MOMF","uncorrected_gdwoOthers"
"248",0.04749965883081,"CD4 Tcells","MOMF","uncorrected_gdwoOthers"
"249",0.118746030872775,"Regulatory CD4 Tcells","MOMF","uncorrected_gdwoOthers"
"250",0.231473869851339,"CD8 Tcells","MOMF","uncorrected_gdwoOthers"
"251",0.0187664550942751,"Proliferative Tcells","MOMF","uncorrected_gdwoOthers"
"252",0.374094454771083,"NK cells","MOMF","uncorrected_gdwoOthers"
"253",0.503764533129554,"Cancer cells","MuSiC_wGrouping","uncorrected_gd"
"254",0.145448926731166,"Stromal cells","MuSiC_wGrouping","uncorrected_gd"
"255",0.156296523428494,"Macro/mono Lineage","MuSiC_wGrouping","uncorrected_gd"
"256",0.0368558596277585,"Bcells","MuSiC_wGrouping","uncorrected_gd"
"257",0.0384705157204761,"CD4 Tcells","MuSiC_wGrouping","uncorrected_gd"
"258",0.0929686682580241,"Regulatory CD4 Tcells","MuSiC_wGrouping","uncorrected_gd"
"259",0.110637821445181,"CD8 Tcells","MuSiC_wGrouping","uncorrected_gd"
"260",0.0174704646769779,"Proliferative Tcells","MuSiC_wGrouping","uncorrected_gd"
"261",0.0676175924246028,"NK cells","MuSiC_wGrouping","uncorrected_gd"
"262",0.532132127135292,"Cancer cells","MuSiC_wGrouping","uncorrected_gdwoOthers"
"263",0.142730634470052,"Stromal cells","MuSiC_wGrouping","uncorrected_gdwoOthers"
"264",0.153235266550199,"Macro/mono Lineage","MuSiC_wGrouping","uncorrected_gdwoOthers"
"265",0.0366464880693098,"Bcells","MuSiC_wGrouping","uncorrected_gdwoOthers"
"266",0.0418492835780155,"CD4 Tcells","MuSiC_wGrouping","uncorrected_gdwoOthers"
"267",0.0924108592093645,"Regulatory CD4 Tcells","MuSiC_wGrouping","uncorrected_gdwoOthers"
"268",0.109582637294882,"CD8 Tcells","MuSiC_wGrouping","uncorrected_gdwoOthers"
"269",0.0173680162241748,"Proliferative Tcells","MuSiC_wGrouping","uncorrected_gdwoOthers"
"270",0.0674387811988432,"NK cells","MuSiC_wGrouping","uncorrected_gdwoOthers"
"271",0.21109321466182,"Cancer cells","Scaden","uncorrected_gd"
"272",0.301609629726871,"Stromal cells","Scaden","uncorrected_gd"
"273",0.0863031798982181,"Macro/mono Lineage","Scaden","uncorrected_gd"
"274",0.00385186106295606,"Bcells","Scaden","uncorrected_gd"
"275",0.0439726658320411,"CD4 Tcells","Scaden","uncorrected_gd"
"276",0.00877841900081465,"Regulatory CD4 Tcells","Scaden","uncorrected_gd"
"277",0.0213251215333565,"CD8 Tcells","Scaden","uncorrected_gd"
"278",0.0631234658314539,"Proliferative Tcells","Scaden","uncorrected_gd"
"279",0.00451129579753754,"NK cells","Scaden","uncorrected_gd"
"280",0.231121458314512,"Cancer cells","Scaden","uncorrected_gdwoOthers"
"281",0.295590795579347,"Stromal cells","Scaden","uncorrected_gdwoOthers"
"282",0.0922637226825236,"Macro/mono Lineage","Scaden","uncorrected_gdwoOthers"
"283",0.00409963688585859,"Bcells","Scaden","uncorrected_gdwoOthers"
"284",0.0473134065755863,"CD4 Tcells","Scaden","uncorrected_gdwoOthers"
"285",0.00946147548619983,"Regulatory CD4 Tcells","Scaden","uncorrected_gdwoOthers"
"286",0.0232841286017125,"CD8 Tcells","Scaden","uncorrected_gdwoOthers"
"287",0.0630255589258182,"Proliferative Tcells","Scaden","uncorrected_gdwoOthers"
"288",0.00470958244273087,"NK cells","Scaden","uncorrected_gdwoOthers"
"289",0.56134772852912,"Cancer cells","SCDC","uncorrected_gd"
"290",0.511358361498915,"Stromal cells","SCDC","uncorrected_gd"
"291",0.0765475344850046,"Macro/mono Lineage","SCDC","uncorrected_gd"
"292",0.00422675222354473,"Bcells","SCDC","uncorrected_gd"
"293",0.0441609019534661,"CD4 Tcells","SCDC","uncorrected_gd"
"294",0.00960896599112213,"Regulatory CD4 Tcells","SCDC","uncorrected_gd"
"295",0.0223889277091139,"CD8 Tcells","SCDC","uncorrected_gd"
"296",0.225464205840205,"Proliferative Tcells","SCDC","uncorrected_gd"
"297",0.00475716895576284,"NK cells","SCDC","uncorrected_gd"
"298",0.590892000930051,"Cancer cells","SCDC","uncorrected_gdwoOthers"
"299",0.504468450577608,"Stromal cells","SCDC","uncorrected_gdwoOthers"
"300",0.0802624117117068,"Macro/mono Lineage","SCDC","uncorrected_gdwoOthers"
"301",0.0045844294643717,"Bcells","SCDC","uncorrected_gdwoOthers"
"302",0.04749965883081,"CD4 Tcells","SCDC","uncorrected_gdwoOthers"
"303",0.0102903695826728,"Regulatory CD4 Tcells","SCDC","uncorrected_gdwoOthers"
"304",0.0243284014647083,"CD8 Tcells","SCDC","uncorrected_gdwoOthers"
"305",0.225358313447,"Proliferative Tcells","SCDC","uncorrected_gdwoOthers"
"306",0.00499416941866234,"NK cells","SCDC","uncorrected_gdwoOthers"
"307",0.521039501182173,"Cancer cells","BisqueRNA","correctedBefore_woProl_gd"
"308",0.132617720661648,"Stromal cells","BisqueRNA","correctedBefore_woProl_gd"
"309",0.0896045872736794,"Macro/mono Lineage","BisqueRNA","correctedBefore_woProl_gd"
"310",0.109388685909561,"Bcells","BisqueRNA","correctedBefore_woProl_gd"
"311",0.147680284489452,"CD4 Tcells","BisqueRNA","correctedBefore_woProl_gd"
"312",0.13695213602776,"Regulatory CD4 Tcells","BisqueRNA","correctedBefore_woProl_gd"
"313",0.113436308153795,"CD8 Tcells","BisqueRNA","correctedBefore_woProl_gd"
"314",0.0985400587068402,"NK cells","BisqueRNA","correctedBefore_woProl_gd"
"315",0.550488938380508,"Cancer cells","BisqueRNA","correctedBefore_woProl_gdwoOthers"
"316",0.131223766195502,"Stromal cells","BisqueRNA","correctedBefore_woProl_gdwoOthers"
"317",0.0881500216610945,"Macro/mono Lineage","BisqueRNA","correctedBefore_woProl_gdwoOthers"
"318",0.109252876752767,"Bcells","BisqueRNA","correctedBefore_woProl_gdwoOthers"
"319",0.14600453819747,"CD4 Tcells","BisqueRNA","correctedBefore_woProl_gdwoOthers"
"320",0.136631340721928,"Regulatory CD4 Tcells","BisqueRNA","correctedBefore_woProl_gdwoOthers"
"321",0.111548585947095,"CD8 Tcells","BisqueRNA","correctedBefore_woProl_gdwoOthers"
"322",0.0983708334028116,"NK cells","BisqueRNA","correctedBefore_woProl_gdwoOthers"
"323",0.553175481141532,"Cancer cells","BSeqSC","correctedBefore_woProl_gd"
"324",0.273029399870834,"Stromal cells","BSeqSC","correctedBefore_woProl_gd"
"325",0.0720708601524159,"Macro/mono Lineage","BSeqSC","correctedBefore_woProl_gd"
"326",0.295124117954411,"Bcells","BSeqSC","correctedBefore_woProl_gd"
"327",0.142771245381294,"CD4 Tcells","BSeqSC","correctedBefore_woProl_gd"
"328",0.174865750303042,"Regulatory CD4 Tcells","BSeqSC","correctedBefore_woProl_gd"
"329",0.0498025548120285,"CD8 Tcells","BSeqSC","correctedBefore_woProl_gd"
"330",0.0743076827864311,"NK cells","BSeqSC","correctedBefore_woProl_gd"
"331",0.582401012841505,"Cancer cells","BSeqSC","correctedBefore_woProl_gdwoOthers"
"332",0.268932199903868,"Stromal cells","BSeqSC","correctedBefore_woProl_gdwoOthers"
"333",0.074503835425582,"Macro/mono Lineage","BSeqSC","correctedBefore_woProl_gdwoOthers"
"334",0.294938210270855,"Bcells","BSeqSC","correctedBefore_woProl_gdwoOthers"
"335",0.142084675717068,"CD4 Tcells","BSeqSC","correctedBefore_woProl_gdwoOthers"
"336",0.174472220092183,"Regulatory CD4 Tcells","BSeqSC","correctedBefore_woProl_gdwoOthers"
"337",0.050313653367179,"CD8 Tcells","BSeqSC","correctedBefore_woProl_gdwoOthers"
"338",0.0742050440394323,"NK cells","BSeqSC","correctedBefore_woProl_gdwoOthers"
"339",0.237481303828219,"Cancer cells","CIBERSORTx","correctedBefore_woProl_gd"
"340",0.277690361496061,"Stromal cells","CIBERSORTx","correctedBefore_woProl_gd"
"341",0.0759852834645203,"Macro/mono Lineage","CIBERSORTx","correctedBefore_woProl_gd"
"342",0.0705529889082809,"Bcells","CIBERSORTx","correctedBefore_woProl_gd"
"343",0.0315022432585851,"CD4 Tcells","CIBERSORTx","correctedBefore_woProl_gd"
"344",0.00934310132677717,"Regulatory CD4 Tcells","CIBERSORTx","correctedBefore_woProl_gd"
"345",0.0142073997256338,"CD8 Tcells","CIBERSORTx","correctedBefore_woProl_gd"
"346",0.00475716895576284,"NK cells","CIBERSORTx","correctedBefore_woProl_gd"
"347",0.256958884444338,"Cancer cells","CIBERSORTx","correctedBefore_woProl_gdwoOthers"
"348",0.272722000484384,"Stromal cells","CIBERSORTx","correctedBefore_woProl_gdwoOthers"
"349",0.0812000653455533,"Macro/mono Lineage","CIBERSORTx","correctedBefore_woProl_gdwoOthers"
"350",0.0703120465040833,"Bcells","CIBERSORTx","correctedBefore_woProl_gdwoOthers"
"351",0.0347430928009152,"CD4 Tcells","CIBERSORTx","correctedBefore_woProl_gdwoOthers"
"352",0.0100141042067012,"Regulatory CD4 Tcells","CIBERSORTx","correctedBefore_woProl_gdwoOthers"
"353",0.0158226663175346,"CD8 Tcells","CIBERSORTx","correctedBefore_woProl_gdwoOthers"
"354",0.00499416941866234,"NK cells","CIBERSORTx","correctedBefore_woProl_gdwoOthers"
"355",0.287760879417541,"Cancer cells","DigitalDLSorter","correctedBefore_woProl_gd"
"356",0.272420338102437,"Stromal cells","DigitalDLSorter","correctedBefore_woProl_gd"
"357",0.0719217947414239,"Macro/mono Lineage","DigitalDLSorter","correctedBefore_woProl_gd"
"358",0.0156590537552057,"Bcells","DigitalDLSorter","correctedBefore_woProl_gd"
"359",0.0305292640741013,"CD4 Tcells","DigitalDLSorter","correctedBefore_woProl_gd"
"360",0.0114825713519818,"Regulatory CD4 Tcells","DigitalDLSorter","correctedBefore_woProl_gd"
"361",0.0256911399445905,"CD8 Tcells","DigitalDLSorter","correctedBefore_woProl_gd"
"362",0.0169927112408596,"NK cells","DigitalDLSorter","correctedBefore_woProl_gd"
"363",0.293677790925786,"Cancer cells","DigitalDLSorter","correctedBefore_woProl_gdwoOthers"
"364",0.270018721672585,"Stromal cells","DigitalDLSorter","correctedBefore_woProl_gdwoOthers"
"365",0.0759310216410273,"Macro/mono Lineage","DigitalDLSorter","correctedBefore_woProl_gdwoOthers"
"366",0.0155439277624621,"Bcells","DigitalDLSorter","correctedBefore_woProl_gdwoOthers"
"367",0.0335795662948083,"CD4 Tcells","DigitalDLSorter","correctedBefore_woProl_gdwoOthers"
"368",0.0113362998073507,"Regulatory CD4 Tcells","DigitalDLSorter","correctedBefore_woProl_gdwoOthers"
"369",0.0250893704142576,"CD8 Tcells","DigitalDLSorter","correctedBefore_woProl_gdwoOthers"
"370",0.016867359536151,"NK cells","DigitalDLSorter","correctedBefore_woProl_gdwoOthers"
"371",0.669878703070528,"Cancer cells","MOMF","correctedBefore_woProl_gd"
"372",0.15946948995799,"Stromal cells","MOMF","correctedBefore_woProl_gd"
"373",0.0624686213180771,"Macro/mono Lineage","MOMF","correctedBefore_woProl_gd"
"374",0.190600534164275,"Bcells","MOMF","correctedBefore_woProl_gd"
"375",0.0441609019534661,"CD4 Tcells","MOMF","correctedBefore_woProl_gd"
"376",0.159881131314579,"Regulatory CD4 Tcells","MOMF","correctedBefore_woProl_gd"
"377",0.0223889277091139,"CD8 Tcells","MOMF","correctedBefore_woProl_gd"
"378",0.524228642135928,"NK cells","MOMF","correctedBefore_woProl_gd"
"379",0.698418981156978,"Cancer cells","MOMF","correctedBefore_woProl_gdwoOthers"
"380",0.161922255849835,"Stromal cells","MOMF","correctedBefore_woProl_gdwoOthers"
"381",0.0682574905949681,"Macro/mono Lineage","MOMF","correctedBefore_woProl_gdwoOthers"
"382",0.190410962418653,"Bcells","MOMF","correctedBefore_woProl_gdwoOthers"
"383",0.04749965883081,"CD4 Tcells","MOMF","correctedBefore_woProl_gdwoOthers"
"384",0.159500576681648,"Regulatory CD4 Tcells","MOMF","correctedBefore_woProl_gdwoOthers"
"385",0.0243284014647083,"CD8 Tcells","MOMF","correctedBefore_woProl_gdwoOthers"
"386",0.524045732174317,"NK cells","MOMF","correctedBefore_woProl_gdwoOthers"
"387",0.612186675134035,"Cancer cells","MuSiC_wGrouping","correctedBefore_woProl_gd"
"388",0.148166514157663,"Stromal cells","MuSiC_wGrouping","correctedBefore_woProl_gd"
"389",0.0675218899835966,"Macro/mono Lineage","MuSiC_wGrouping","correctedBefore_woProl_gd"
"390",0.0896167862843522,"Bcells","MuSiC_wGrouping","correctedBefore_woProl_gd"
"391",0.157063093195602,"CD4 Tcells","MuSiC_wGrouping","correctedBefore_woProl_gd"
"392",0.142174748167195,"Regulatory CD4 Tcells","MuSiC_wGrouping","correctedBefore_woProl_gd"
"393",0.169956728539819,"CD8 Tcells","MuSiC_wGrouping","correctedBefore_woProl_gd"
"394",0.186903224621657,"NK cells","MuSiC_wGrouping","correctedBefore_woProl_gd"
"395",0.640860533413599,"Cancer cells","MuSiC_wGrouping","correctedBefore_woProl_gdwoOthers"
"396",0.154021357611988,"Stromal cells","MuSiC_wGrouping","correctedBefore_woProl_gdwoOthers"
"397",0.0715023769310273,"Macro/mono Lineage","MuSiC_wGrouping","correctedBefore_woProl_gdwoOthers"
"398",0.0893988651664551,"Bcells","MuSiC_wGrouping","correctedBefore_woProl_gdwoOthers"
"399",0.155061435884463,"CD4 Tcells","MuSiC_wGrouping","correctedBefore_woProl_gdwoOthers"
"400",0.141640163214483,"Regulatory CD4 Tcells","MuSiC_wGrouping","correctedBefore_woProl_gdwoOthers"
"401",0.169017164277714,"CD8 Tcells","MuSiC_wGrouping","correctedBefore_woProl_gdwoOthers"
"402",0.18672785823478,"NK cells","MuSiC_wGrouping","correctedBefore_woProl_gdwoOthers"
"403",0.155382591117037,"Cancer cells","Scaden","correctedBefore_woProl_gd"
"404",0.187692877488075,"Stromal cells","Scaden","correctedBefore_woProl_gd"
"405",0.0871855708168678,"Macro/mono Lineage","Scaden","correctedBefore_woProl_gd"
"406",0.00580917658474454,"Bcells","Scaden","correctedBefore_woProl_gd"
"407",0.0438811934076285,"CD4 Tcells","Scaden","correctedBefore_woProl_gd"
"408",0.00833606159074155,"Regulatory CD4 Tcells","Scaden","correctedBefore_woProl_gd"
"409",0.0219334646811808,"CD8 Tcells","Scaden","correctedBefore_woProl_gd"
"410",0.00461929996985915,"NK cells","Scaden","correctedBefore_woProl_gd"
"411",0.147236800151587,"Cancer cells","Scaden","correctedBefore_woProl_gdwoOthers"
"412",0.18302193807311,"Stromal cells","Scaden","correctedBefore_woProl_gdwoOthers"
"413",0.0931446256839705,"Macro/mono Lineage","Scaden","correctedBefore_woProl_gdwoOthers"
"414",0.00593245368244204,"Bcells","Scaden","correctedBefore_woProl_gdwoOthers"
"415",0.0472223069887882,"CD4 Tcells","Scaden","correctedBefore_woProl_gdwoOthers"
"416",0.00900635623453101,"Regulatory CD4 Tcells","Scaden","correctedBefore_woProl_gdwoOthers"
"417",0.0238823898068271,"CD8 Tcells","Scaden","correctedBefore_woProl_gdwoOthers"
"418",0.00482810884169946,"NK cells","Scaden","correctedBefore_woProl_gdwoOthers"
"419",0.603950407330806,"Cancer cells","SCDC","correctedBefore_woProl_gd"
"420",0.553520899544377,"Stromal cells","SCDC","correctedBefore_woProl_gd"
"421",0.0863909934548593,"Macro/mono Lineage","SCDC","correctedBefore_woProl_gd"
"422",0.0050407141805385,"Bcells","SCDC","correctedBefore_woProl_gd"
"423",0.0441609019534661,"CD4 Tcells","SCDC","correctedBefore_woProl_gd"
"424",0.0996886067898794,"Regulatory CD4 Tcells","SCDC","correctedBefore_woProl_gd"
"425",0.0183836660173334,"CD8 Tcells","SCDC","correctedBefore_woProl_gd"
"426",0.0505851341134514,"NK cells","SCDC","correctedBefore_woProl_gd"
"427",0.633243724395468,"Cancer cells","SCDC","correctedBefore_woProl_gdwoOthers"
"428",0.546987631692018,"Stromal cells","SCDC","correctedBefore_woProl_gdwoOthers"
"429",0.0845614984790464,"Macro/mono Lineage","SCDC","correctedBefore_woProl_gdwoOthers"
"430",0.00532735275319489,"Bcells","SCDC","correctedBefore_woProl_gdwoOthers"
"431",0.04749965883081,"CD4 Tcells","SCDC","correctedBefore_woProl_gdwoOthers"
"432",0.0991041499713959,"Regulatory CD4 Tcells","SCDC","correctedBefore_woProl_gdwoOthers"
"433",0.0170704913370228,"CD8 Tcells","SCDC","correctedBefore_woProl_gdwoOthers"
"434",0.0504221653075201,"NK cells","SCDC","correctedBefore_woProl_gdwoOthers"
"435",0.53023680751737,"Cancer cells","BisqueRNA","correctedBefore_gd"
"436",0.115659099556197,"Stromal cells","BisqueRNA","correctedBefore_gd"
"437",0.0841873114178513,"Macro/mono Lineage","BisqueRNA","correctedBefore_gd"
"438",0.104187117162163,"Bcells","BisqueRNA","correctedBefore_gd"
"439",0.136844917687383,"CD4 Tcells","BisqueRNA","correctedBefore_gd"
"440",0.129913311432774,"Regulatory CD4 Tcells","BisqueRNA","correctedBefore_gd"
"441",0.10400936459104,"CD8 Tcells","BisqueRNA","correctedBefore_gd"
"442",0.101074335153471,"Proliferative Tcells","BisqueRNA","correctedBefore_gd"
"443",0.089743301002957,"NK cells","BisqueRNA","correctedBefore_gd"
"444",0.559607063730784,"Cancer cells","BisqueRNA","correctedBefore_gdwoOthers"
"445",0.114882571768169,"Stromal cells","BisqueRNA","correctedBefore_gdwoOthers"
"446",0.0830799146447827,"Macro/mono Lineage","BisqueRNA","correctedBefore_gdwoOthers"
"447",0.104045173803049,"Bcells","BisqueRNA","correctedBefore_gdwoOthers"
"448",0.135426896761131,"CD4 Tcells","BisqueRNA","correctedBefore_gdwoOthers"
"449",0.129573858560695,"Regulatory CD4 Tcells","BisqueRNA","correctedBefore_gdwoOthers"
"450",0.102254248847664,"CD8 Tcells","BisqueRNA","correctedBefore_gdwoOthers"
"451",0.101009676708921,"Proliferative Tcells","BisqueRNA","correctedBefore_gdwoOthers"
"452",0.0895680641132248,"NK cells","BisqueRNA","correctedBefore_gdwoOthers"
"453",0.599874326668043,"Cancer cells","BSeqSC","correctedBefore_gd"
"454",0.148123711596582,"Stromal cells","BSeqSC","correctedBefore_gd"
"455",0.0587054912154578,"Macro/mono Lineage","BSeqSC","correctedBefore_gd"
"456",0.20661524985415,"Bcells","BSeqSC","correctedBefore_gd"
"457",0.0607253649713316,"CD4 Tcells","BSeqSC","correctedBefore_gd"
"458",0.0550326990104734,"Regulatory CD4 Tcells","BSeqSC","correctedBefore_gd"
"459",0.0223889277091139,"CD8 Tcells","BSeqSC","correctedBefore_gd"
"460",0.51763093907882,"Proliferative Tcells","BSeqSC","correctedBefore_gd"
"461",0.00475716895576284,"NK cells","BSeqSC","correctedBefore_gd"
"462",0.628953856348182,"Cancer cells","BSeqSC","correctedBefore_gdwoOthers"
"463",0.145939577677675,"Stromal cells","BSeqSC","correctedBefore_gdwoOthers"
"464",0.0627015353922336,"Macro/mono Lineage","BSeqSC","correctedBefore_gdwoOthers"
"465",0.206451877772453,"Bcells","BSeqSC","correctedBefore_gdwoOthers"
"466",0.0625923413786751,"CD4 Tcells","BSeqSC","correctedBefore_gdwoOthers"
"467",0.0549577242523709,"Regulatory CD4 Tcells","BSeqSC","correctedBefore_gdwoOthers"
"468",0.0243284014647083,"CD8 Tcells","BSeqSC","correctedBefore_gdwoOthers"
"469",0.517527690997006,"Proliferative Tcells","BSeqSC","correctedBefore_gdwoOthers"
"470",0.00499416941866234,"NK cells","BSeqSC","correctedBefore_gdwoOthers"
"471",0.203849701164976,"Cancer cells","CIBERSORTx","correctedBefore_gd"
"472",0.218017808817512,"Stromal cells","CIBERSORTx","correctedBefore_gd"
"473",0.0794338746185759,"Macro/mono Lineage","CIBERSORTx","correctedBefore_gd"
"474",0.057893826264583,"Bcells","CIBERSORTx","correctedBefore_gd"
"475",0.0341947332358645,"CD4 Tcells","CIBERSORTx","correctedBefore_gd"
"476",0.00990265985012908,"Regulatory CD4 Tcells","CIBERSORTx","correctedBefore_gd"
"477",0.0223889277091139,"CD8 Tcells","CIBERSORTx","correctedBefore_gd"
"478",0.09299089092597,"Proliferative Tcells","CIBERSORTx","correctedBefore_gd"
"479",0.00461655436226367,"NK cells","CIBERSORTx","correctedBefore_gd"
"480",0.224983579913308,"Cancer cells","CIBERSORTx","correctedBefore_gdwoOthers"
"481",0.213570748625718,"Stromal cells","CIBERSORTx","correctedBefore_gdwoOthers"
"482",0.085008377545005,"Macro/mono Lineage","CIBERSORTx","correctedBefore_gdwoOthers"
"483",0.0576440639457877,"Bcells","CIBERSORTx","correctedBefore_gdwoOthers"
"484",0.0375163693425503,"CD4 Tcells","CIBERSORTx","correctedBefore_gdwoOthers"
"485",0.0104504394121838,"Regulatory CD4 Tcells","CIBERSORTx","correctedBefore_gdwoOthers"
"486",0.0243284014647083,"CD8 Tcells","CIBERSORTx","correctedBefore_gdwoOthers"
"487",0.0928874722367689,"Proliferative Tcells","CIBERSORTx","correctedBefore_gdwoOthers"
"488",0.00482722628225157,"NK cells","CIBERSORTx","correctedBefore_gdwoOthers"
"489",0.286861226509982,"Cancer cells","DigitalDLSorter","correctedBefore_gd"
"490",0.291734032948888,"Stromal cells","DigitalDLSorter","correctedBefore_gd"
"491",0.0726522042907489,"Macro/mono Lineage","DigitalDLSorter","correctedBefore_gd"
"492",0.0132553885721988,"Bcells","DigitalDLSorter","correctedBefore_gd"
"493",0.0343820341537607,"CD4 Tcells","DigitalDLSorter","correctedBefore_gd"
"494",0.00785202169179439,"Regulatory CD4 Tcells","DigitalDLSorter","correctedBefore_gd"
"495",0.0143049355938228,"CD8 Tcells","DigitalDLSorter","correctedBefore_gd"
"496",0.0587062492454757,"Proliferative Tcells","DigitalDLSorter","correctedBefore_gd"
"497",0.0102094946486547,"NK cells","DigitalDLSorter","correctedBefore_gd"
"498",0.296504002601745,"Cancer cells","DigitalDLSorter","correctedBefore_gdwoOthers"
"499",0.2885433024442,"Stromal cells","DigitalDLSorter","correctedBefore_gdwoOthers"
"500",0.0780486130899466,"Macro/mono Lineage","DigitalDLSorter","correctedBefore_gdwoOthers"
"501",0.0131467243007815,"Bcells","DigitalDLSorter","correctedBefore_gdwoOthers"
"502",0.0376844026544016,"CD4 Tcells","DigitalDLSorter","correctedBefore_gdwoOthers"
"503",0.00791439072369891,"Regulatory CD4 Tcells","DigitalDLSorter","correctedBefore_gdwoOthers"
"504",0.0154351479618415,"CD8 Tcells","DigitalDLSorter","correctedBefore_gdwoOthers"
"505",0.0585332036588919,"Proliferative Tcells","DigitalDLSorter","correctedBefore_gdwoOthers"
"506",0.0101277408190612,"NK cells","DigitalDLSorter","correctedBefore_gdwoOthers"
"507",0.669878703070528,"Cancer cells","MOMF","correctedBefore_gd"
"508",0.0972132638178631,"Stromal cells","MOMF","correctedBefore_gd"
"509",0.0707091600879638,"Macro/mono Lineage","MOMF","correctedBefore_gd"
"510",0.163571942079078,"Bcells","MOMF","correctedBefore_gd"
"511",0.0441609019534661,"CD4 Tcells","MOMF","correctedBefore_gd"
"512",0.00960896599112213,"Regulatory CD4 Tcells","MOMF","correctedBefore_gd"
"513",0.200757388716954,"CD8 Tcells","MOMF","correctedBefore_gd"
"514",0.111554622244476,"Proliferative Tcells","MOMF","correctedBefore_gd"
"515",0.583318982190844,"NK cells","MOMF","correctedBefore_gd"
"516",0.698418981156978,"Cancer cells","MOMF","correctedBefore_gdwoOthers"
"517",0.104635964545341,"Stromal cells","MOMF","correctedBefore_gdwoOthers"
"518",0.076553045917317,"Macro/mono Lineage","MOMF","correctedBefore_gdwoOthers"
"519",0.163381346546033,"Bcells","MOMF","correctedBefore_gdwoOthers"
"520",0.04749965883081,"CD4 Tcells","MOMF","correctedBefore_gdwoOthers"
"521",0.0102903695826728,"Regulatory CD4 Tcells","MOMF","correctedBefore_gdwoOthers"
"522",0.200836926840393,"CD8 Tcells","MOMF","correctedBefore_gdwoOthers"
"523",0.111496076710976,"Proliferative Tcells","MOMF","correctedBefore_gdwoOthers"
"524",0.583142841966873,"NK cells","MOMF","correctedBefore_gdwoOthers"
"525",0.647900762703732,"Cancer cells","MuSiC_wGrouping","correctedBefore_gd"
"526",0.136812068856001,"Stromal cells","MuSiC_wGrouping","correctedBefore_gd"
"527",0.0711188442428643,"Macro/mono Lineage","MuSiC_wGrouping","correctedBefore_gd"
"528",0.082620648937643,"Bcells","MuSiC_wGrouping","correctedBefore_gd"
"529",0.0967680971202658,"CD4 Tcells","MuSiC_wGrouping","correctedBefore_gd"
"530",0.188574775997298,"Regulatory CD4 Tcells","MuSiC_wGrouping","correctedBefore_gd"
"531",0.232790500628773,"CD8 Tcells","MuSiC_wGrouping","correctedBefore_gd"
"532",0.0589682704512806,"Proliferative Tcells","MuSiC_wGrouping","correctedBefore_gd"
"533",0.193526190330772,"NK cells","MuSiC_wGrouping","correctedBefore_gd"
"534",0.676433710936892,"Cancer cells","MuSiC_wGrouping","correctedBefore_gdwoOthers"
"535",0.14487228643157,"Stromal cells","MuSiC_wGrouping","correctedBefore_gdwoOthers"
"536",0.0762103662649273,"Macro/mono Lineage","MuSiC_wGrouping","correctedBefore_gdwoOthers"
"537",0.0824162091316084,"Bcells","MuSiC_wGrouping","correctedBefore_gdwoOthers"
"538",0.0952716830828639,"CD4 Tcells","MuSiC_wGrouping","correctedBefore_gdwoOthers"
"539",0.188065784560717,"Regulatory CD4 Tcells","MuSiC_wGrouping","correctedBefore_gdwoOthers"
"540",0.231848987505074,"CD8 Tcells","MuSiC_wGrouping","correctedBefore_gdwoOthers"
"541",0.0588631807972441,"Proliferative Tcells","MuSiC_wGrouping","correctedBefore_gdwoOthers"
"542",0.193350353901442,"NK cells","MuSiC_wGrouping","correctedBefore_gdwoOthers"
"543",0.202923404289532,"Cancer cells","Scaden","correctedBefore_gd"
"544",0.252981720353811,"Stromal cells","Scaden","correctedBefore_gd"
"545",0.0865155194711365,"Macro/mono Lineage","Scaden","correctedBefore_gd"
"546",0.00779797911211756,"Bcells","Scaden","correctedBefore_gd"
"547",0.0439183177859091,"CD4 Tcells","Scaden","correctedBefore_gd"
"548",0.00801205535046025,"Regulatory CD4 Tcells","Scaden","correctedBefore_gd"
"549",0.0217878821371626,"CD8 Tcells","Scaden","correctedBefore_gd"
"550",0.106916081367593,"Proliferative Tcells","Scaden","correctedBefore_gd"
"551",0.00449167216564048,"NK cells","Scaden","correctedBefore_gd"
"552",0.223624563894124,"Cancer cells","Scaden","correctedBefore_gdwoOthers"
"553",0.247345050691581,"Stromal cells","Scaden","correctedBefore_gdwoOthers"
"554",0.0924778837672211,"Macro/mono Lineage","Scaden","correctedBefore_gdwoOthers"
"555",0.00781608473507332,"Bcells","Scaden","correctedBefore_gdwoOthers"
"556",0.0472591076337682,"CD4 Tcells","Scaden","correctedBefore_gdwoOthers"
"557",0.00868698892268633,"Regulatory CD4 Tcells","Scaden","correctedBefore_gdwoOthers"
"558",0.0237385890233118,"CD8 Tcells","Scaden","correctedBefore_gdwoOthers"
"559",0.106810011163515,"Proliferative Tcells","Scaden","correctedBefore_gdwoOthers"
"560",0.00466589427722115,"NK cells","Scaden","correctedBefore_gdwoOthers"
"561",0.625973461752472,"Cancer cells","SCDC","correctedBefore_gd"
"562",0.381962236028371,"Stromal cells","SCDC","correctedBefore_gd"
"563",0.0750827113450054,"Macro/mono Lineage","SCDC","correctedBefore_gd"
"564",0.00422675222354473,"Bcells","SCDC","correctedBefore_gd"
"565",0.0441609019534661,"CD4 Tcells","SCDC","correctedBefore_gd"
"566",0.00960896599112213,"Regulatory CD4 Tcells","SCDC","correctedBefore_gd"
"567",0.0223889277091139,"CD8 Tcells","SCDC","correctedBefore_gd"
"568",0.390386694507695,"Proliferative Tcells","SCDC","correctedBefore_gd"
"569",0.00475716895576284,"NK cells","SCDC","correctedBefore_gd"
"570",0.655094972847606,"Cancer cells","SCDC","correctedBefore_gdwoOthers"
"571",0.375612477840126,"Stromal cells","SCDC","correctedBefore_gdwoOthers"
"572",0.0764087493347024,"Macro/mono Lineage","SCDC","correctedBefore_gdwoOthers"
"573",0.0045844294643717,"Bcells","SCDC","correctedBefore_gdwoOthers"
"574",0.04749965883081,"CD4 Tcells","SCDC","correctedBefore_gdwoOthers"
"575",0.0102903695826728,"Regulatory CD4 Tcells","SCDC","correctedBefore_gdwoOthers"
"576",0.0243284014647083,"CD8 Tcells","SCDC","correctedBefore_gdwoOthers"
"577",0.390289125673469,"Proliferative Tcells","SCDC","correctedBefore_gdwoOthers"
"578",0.00499416941866234,"NK cells","SCDC","correctedBefore_gdwoOthers"
"579",0.628715899376878,"Cancer cells","BisqueRNA","correctedAfter_woProl_gd"
"580",0.0952614839751666,"Stromal cells","BisqueRNA","correctedAfter_woProl_gd"
"581",0.0619865013761029,"Macro/mono Lineage","BisqueRNA","correctedAfter_woProl_gd"
"582",0.134582614170968,"Bcells","BisqueRNA","correctedAfter_woProl_gd"
"583",0.232569955559834,"CD4 Tcells","BisqueRNA","correctedAfter_woProl_gd"
"584",0.227809579041998,"Regulatory CD4 Tcells","BisqueRNA","correctedAfter_woProl_gd"
"585",0.235163905690697,"CD8 Tcells","BisqueRNA","correctedAfter_woProl_gd"
"586",0.164584721387141,"NK cells","BisqueRNA","correctedAfter_woProl_gd"
"587",0.657531580251096,"Cancer cells","BisqueRNA","correctedAfter_woProl_gdwoOthers"
"588",0.102209559887637,"Stromal cells","BisqueRNA","correctedAfter_woProl_gdwoOthers"
"589",0.0631720571236391,"Macro/mono Lineage","BisqueRNA","correctedAfter_woProl_gdwoOthers"
"590",0.134450130513265,"Bcells","BisqueRNA","correctedAfter_woProl_gdwoOthers"
"591",0.230487070947227,"CD4 Tcells","BisqueRNA","correctedAfter_woProl_gdwoOthers"
"592",0.227505862723502,"Regulatory CD4 Tcells","BisqueRNA","correctedAfter_woProl_gdwoOthers"
"593",0.233181096564921,"CD8 Tcells","BisqueRNA","correctedAfter_woProl_gdwoOthers"
"594",0.164405725532623,"NK cells","BisqueRNA","correctedAfter_woProl_gdwoOthers"
"595",0.637530287318153,"Cancer cells","BSeqSC","correctedAfter_woProl_gd"
"596",0.0844697372775778,"Stromal cells","BSeqSC","correctedAfter_woProl_gd"
"597",0.0661386349719023,"Macro/mono Lineage","BSeqSC","correctedAfter_woProl_gd"
"598",0.27422247610278,"Bcells","BSeqSC","correctedAfter_woProl_gd"
"599",0.402809728087493,"CD4 Tcells","BSeqSC","correctedAfter_woProl_gd"
"600",0.419636927637718,"Regulatory CD4 Tcells","BSeqSC","correctedAfter_woProl_gd"
"601",0.131824357329428,"CD8 Tcells","BSeqSC","correctedAfter_woProl_gd"
"602",0.0287606459560707,"NK cells","BSeqSC","correctedAfter_woProl_gd"
"603",0.66618350403255,"Cancer cells","BSeqSC","correctedAfter_woProl_gdwoOthers"
"604",0.0879962593968122,"Stromal cells","BSeqSC","correctedAfter_woProl_gdwoOthers"
"605",0.071824481473347,"Macro/mono Lineage","BSeqSC","correctedAfter_woProl_gdwoOthers"
"606",0.274068721772854,"Bcells","BSeqSC","correctedAfter_woProl_gdwoOthers"
"607",0.401487087461849,"CD4 Tcells","BSeqSC","correctedAfter_woProl_gdwoOthers"
"608",0.419267977372612,"Regulatory CD4 Tcells","BSeqSC","correctedAfter_woProl_gdwoOthers"
"609",0.131644663958665,"CD8 Tcells","BSeqSC","correctedAfter_woProl_gdwoOthers"
"610",0.0286445361756099,"NK cells","BSeqSC","correctedAfter_woProl_gdwoOthers"
"611",0.35427784816309,"Cancer cells","CIBERSORTx","correctedAfter_woProl_gd"
"612",0.292638248115774,"Stromal cells","CIBERSORTx","correctedAfter_woProl_gd"
"613",0.0742826194135533,"Macro/mono Lineage","CIBERSORTx","correctedAfter_woProl_gd"
"614",0.213847012245377,"Bcells","CIBERSORTx","correctedAfter_woProl_gd"
"615",0.0684947518919062,"CD4 Tcells","CIBERSORTx","correctedAfter_woProl_gd"
"616",0.0101238675619179,"Regulatory CD4 Tcells","CIBERSORTx","correctedAfter_woProl_gd"
"617",0.0434447096590959,"CD8 Tcells","CIBERSORTx","correctedAfter_woProl_gd"
"618",0.00475716895576284,"NK cells","CIBERSORTx","correctedAfter_woProl_gd"
"619",0.382407879095311,"Cancer cells","CIBERSORTx","correctedAfter_woProl_gdwoOthers"
"620",0.287704114981621,"Stromal cells","CIBERSORTx","correctedAfter_woProl_gdwoOthers"
"621",0.0786437195511975,"Macro/mono Lineage","CIBERSORTx","correctedAfter_woProl_gdwoOthers"
"622",0.213571729620398,"Bcells","CIBERSORTx","correctedAfter_woProl_gdwoOthers"
"623",0.0681770271166112,"CD4 Tcells","CIBERSORTx","correctedAfter_woProl_gdwoOthers"
"624",0.0106404064745282,"Regulatory CD4 Tcells","CIBERSORTx","correctedAfter_woProl_gdwoOthers"
"625",0.0424029452965349,"CD8 Tcells","CIBERSORTx","correctedAfter_woProl_gdwoOthers"
"626",0.00499416941866234,"NK cells","CIBERSORTx","correctedAfter_woProl_gdwoOthers"
"627",0.294656585183711,"Cancer cells","DigitalDLSorter","correctedAfter_woProl_gd"
"628",0.233472157032624,"Stromal cells","DigitalDLSorter","correctedAfter_woProl_gd"
"629",0.0750268875887481,"Macro/mono Lineage","DigitalDLSorter","correctedAfter_woProl_gd"
"630",0.0571878346212377,"Bcells","DigitalDLSorter","correctedAfter_woProl_gd"
"631",0.0713959066977789,"CD4 Tcells","DigitalDLSorter","correctedAfter_woProl_gd"
"632",0.0409347768658266,"Regulatory CD4 Tcells","DigitalDLSorter","correctedAfter_woProl_gd"
"633",0.0772057904066228,"CD8 Tcells","DigitalDLSorter","correctedAfter_woProl_gd"
"634",0.0774079729364192,"NK cells","DigitalDLSorter","correctedAfter_woProl_gd"
"635",0.317507029112596,"Cancer cells","DigitalDLSorter","correctedAfter_woProl_gdwoOthers"
"636",0.232295948678369,"Stromal cells","DigitalDLSorter","correctedAfter_woProl_gdwoOthers"
"637",0.0759383661102236,"Macro/mono Lineage","DigitalDLSorter","correctedAfter_woProl_gdwoOthers"
"638",0.0569603436232026,"Bcells","DigitalDLSorter","correctedAfter_woProl_gdwoOthers"
"639",0.0703888303584958,"CD4 Tcells","DigitalDLSorter","correctedAfter_woProl_gdwoOthers"
"640",0.0404522960350196,"Regulatory CD4 Tcells","DigitalDLSorter","correctedAfter_woProl_gdwoOthers"
"641",0.0760821010469735,"CD8 Tcells","DigitalDLSorter","correctedAfter_woProl_gdwoOthers"
"642",0.0772284527033674,"NK cells","DigitalDLSorter","correctedAfter_woProl_gdwoOthers"
"643",0.405933735270918,"Cancer cells","DWLS","correctedAfter_woProl_gd"
"644",0.217056164432002,"Stromal cells","DWLS","correctedAfter_woProl_gd"
"645",0.0971801061108279,"Macro/mono Lineage","DWLS","correctedAfter_woProl_gd"
"646",0.528968090858462,"Bcells","DWLS","correctedAfter_woProl_gd"
"647",0.0449489922518398,"CD4 Tcells","DWLS","correctedAfter_woProl_gd"
"648",0.0298734471083366,"Regulatory CD4 Tcells","DWLS","correctedAfter_woProl_gd"
"649",0.0315367470338745,"CD8 Tcells","DWLS","correctedAfter_woProl_gd"
"650",0.00823453479196925,"NK cells","DWLS","correctedAfter_woProl_gd"
"651",0.434503396961057,"Cancer cells","DWLS","correctedAfter_woProl_gdwoOthers"
"652",0.212253124486645,"Stromal cells","DWLS","correctedAfter_woProl_gdwoOthers"
"653",0.101507743458818,"Macro/mono Lineage","DWLS","correctedAfter_woProl_gdwoOthers"
"654",0.528708497039878,"Bcells","DWLS","correctedAfter_woProl_gdwoOthers"
"655",0.0470028013650873,"CD4 Tcells","DWLS","correctedAfter_woProl_gdwoOthers"
"656",0.0293915436180478,"Regulatory CD4 Tcells","DWLS","correctedAfter_woProl_gdwoOthers"
"657",0.0302482353533853,"CD8 Tcells","DWLS","correctedAfter_woProl_gdwoOthers"
"658",0.0083207754180118,"NK cells","DWLS","correctedAfter_woProl_gdwoOthers"
"659",0.658346174246597,"Cancer cells","MOMF","correctedAfter_woProl_gd"
"660",0.096335576056794,"Stromal cells","MOMF","correctedAfter_woProl_gd"
"661",0.072705639261372,"Macro/mono Lineage","MOMF","correctedAfter_woProl_gd"
"662",0.0169633056690937,"Bcells","MOMF","correctedAfter_woProl_gd"
"663",0.0441609019534661,"CD4 Tcells","MOMF","correctedAfter_woProl_gd"
"664",0.11899400226811,"Regulatory CD4 Tcells","MOMF","correctedAfter_woProl_gd"
"665",0.318914968739746,"CD8 Tcells","MOMF","correctedAfter_woProl_gd"
"666",0.671300676672069,"NK cells","MOMF","correctedAfter_woProl_gd"
"667",0.686945815254187,"Cancer cells","MOMF","correctedAfter_woProl_gdwoOthers"
"668",0.104216278065258,"Stromal cells","MOMF","correctedAfter_woProl_gdwoOthers"
"669",0.0786210887834225,"Macro/mono Lineage","MOMF","correctedAfter_woProl_gdwoOthers"
"670",0.0169475403926483,"Bcells","MOMF","correctedAfter_woProl_gdwoOthers"
"671",0.04749965883081,"CD4 Tcells","MOMF","correctedAfter_woProl_gdwoOthers"
"672",0.118585892533491,"Regulatory CD4 Tcells","MOMF","correctedAfter_woProl_gdwoOthers"
"673",0.318302576561354,"CD8 Tcells","MOMF","correctedAfter_woProl_gdwoOthers"
"674",0.671145151695481,"NK cells","MOMF","correctedAfter_woProl_gdwoOthers"
"675",0.60827205830626,"Cancer cells","MuSiC_wGrouping","correctedAfter_woProl_gd"
"676",0.0854659619470609,"Stromal cells","MuSiC_wGrouping","correctedAfter_woProl_gd"
"677",0.154580995323225,"Macro/mono Lineage","MuSiC_wGrouping","correctedAfter_woProl_gd"
"678",0.0592764861649683,"Bcells","MuSiC_wGrouping","correctedAfter_woProl_gd"
"679",0.0306952473750549,"CD4 Tcells","MuSiC_wGrouping","correctedAfter_woProl_gd"
"680",0.151610020771021,"Regulatory CD4 Tcells","MuSiC_wGrouping","correctedAfter_woProl_gd"
"681",0.254896246078497,"CD8 Tcells","MuSiC_wGrouping","correctedAfter_woProl_gd"
"682",0.128731363222042,"NK cells","MuSiC_wGrouping","correctedAfter_woProl_gd"
"683",0.636724420655544,"Cancer cells","MuSiC_wGrouping","correctedAfter_woProl_gdwoOthers"
"684",0.0883294863665708,"Stromal cells","MuSiC_wGrouping","correctedAfter_woProl_gdwoOthers"
"685",0.151777486104833,"Macro/mono Lineage","MuSiC_wGrouping","correctedAfter_woProl_gdwoOthers"
"686",0.0590607267121349,"Bcells","MuSiC_wGrouping","correctedAfter_woProl_gdwoOthers"
"687",0.0339623448678243,"CD4 Tcells","MuSiC_wGrouping","correctedAfter_woProl_gdwoOthers"
"688",0.151043884132049,"Regulatory CD4 Tcells","MuSiC_wGrouping","correctedAfter_woProl_gdwoOthers"
"689",0.253703534917052,"CD8 Tcells","MuSiC_wGrouping","correctedAfter_woProl_gdwoOthers"
"690",0.128550072856106,"NK cells","MuSiC_wGrouping","correctedAfter_woProl_gdwoOthers"
"691",0.237109063065803,"Cancer cells","Scaden","correctedAfter_woProl_gd"
"692",0.405556496154268,"Stromal cells","Scaden","correctedAfter_woProl_gd"
"693",0.0831619065482014,"Macro/mono Lineage","Scaden","correctedAfter_woProl_gd"
"694",0.0135868003557107,"Bcells","Scaden","correctedAfter_woProl_gd"
"695",0.0440080518272008,"CD4 Tcells","Scaden","correctedAfter_woProl_gd"
"696",0.00658321125936145,"Regulatory CD4 Tcells","Scaden","correctedAfter_woProl_gd"
"697",0.0174206365449589,"CD8 Tcells","Scaden","correctedAfter_woProl_gd"
"698",0.00881646737895031,"NK cells","Scaden","correctedAfter_woProl_gd"
"699",0.262441749407453,"Cancer cells","Scaden","correctedAfter_woProl_gdwoOthers"
"700",0.398869914470513,"Stromal cells","Scaden","correctedAfter_woProl_gdwoOthers"
"701",0.0891145576199173,"Macro/mono Lineage","Scaden","correctedAfter_woProl_gdwoOthers"
"702",0.013582771354546,"Bcells","Scaden","correctedAfter_woProl_gdwoOthers"
"703",0.0473497295392849,"CD4 Tcells","Scaden","correctedAfter_woProl_gdwoOthers"
"704",0.00716274385002668,"Regulatory CD4 Tcells","Scaden","correctedAfter_woProl_gdwoOthers"
"705",0.019178006586064,"CD8 Tcells","Scaden","correctedAfter_woProl_gdwoOthers"
"706",0.00888616028170217,"NK cells","Scaden","correctedAfter_woProl_gdwoOthers"
"707",0.585739541254094,"Cancer cells","SCDC","correctedAfter_woProl_gd"
"708",0.652238756795001,"Stromal cells","SCDC","correctedAfter_woProl_gd"
"709",0.105043579487926,"Macro/mono Lineage","SCDC","correctedAfter_woProl_gd"
"710",0.00422675222354473,"Bcells","SCDC","correctedAfter_woProl_gd"
"711",0.0441609019534661,"CD4 Tcells","SCDC","correctedAfter_woProl_gd"
"712",0.0722041620659346,"Regulatory CD4 Tcells","SCDC","correctedAfter_woProl_gd"
"713",0.0211147689939742,"CD8 Tcells","SCDC","correctedAfter_woProl_gd"
"714",0.0743245511273497,"NK cells","SCDC","correctedAfter_woProl_gd"
"715",0.615004097290917,"Cancer cells","SCDC","correctedAfter_woProl_gdwoOthers"
"716",0.645455881206062,"Stromal cells","SCDC","correctedAfter_woProl_gdwoOthers"
"717",0.104500999858007,"Macro/mono Lineage","SCDC","correctedAfter_woProl_gdwoOthers"
"718",0.0045844294643717,"Bcells","SCDC","correctedAfter_woProl_gdwoOthers"
"719",0.04749965883081,"CD4 Tcells","SCDC","correctedAfter_woProl_gdwoOthers"
"720",0.0716228215578046,"Regulatory CD4 Tcells","SCDC","correctedAfter_woProl_gdwoOthers"
"721",0.0230088158460393,"CD8 Tcells","SCDC","correctedAfter_woProl_gdwoOthers"
"722",0.0741600756986946,"NK cells","SCDC","correctedAfter_woProl_gdwoOthers"
"723",0.631338152477434,"Cancer cells","BisqueRNA","correctedAfter_gd"
"724",0.0913761290977004,"Stromal cells","BisqueRNA","correctedAfter_gd"
"725",0.0613453887186831,"Macro/mono Lineage","BisqueRNA","correctedAfter_gd"
"726",0.138919891236442,"Bcells","BisqueRNA","correctedAfter_gd"
"727",0.224881397086372,"CD4 Tcells","BisqueRNA","correctedAfter_gd"
"728",0.229650873979824,"Regulatory CD4 Tcells","BisqueRNA","correctedAfter_gd"
"729",0.22812152417022,"CD8 Tcells","BisqueRNA","correctedAfter_gd"
"730",0.0930841277837836,"Proliferative Tcells","BisqueRNA","correctedAfter_gd"
"731",0.14873259206891,"NK cells","BisqueRNA","correctedAfter_gd"
"732",0.660170152163864,"Cancer cells","BisqueRNA","correctedAfter_gdwoOthers"
"733",0.0989849576393054,"Stromal cells","BisqueRNA","correctedAfter_gdwoOthers"
"734",0.0631974369404111,"Macro/mono Lineage","BisqueRNA","correctedAfter_gdwoOthers"
"735",0.138788224755173,"Bcells","BisqueRNA","correctedAfter_gdwoOthers"
"736",0.223227496200578,"CD4 Tcells","BisqueRNA","correctedAfter_gdwoOthers"
"737",0.229347165963913,"Regulatory CD4 Tcells","BisqueRNA","correctedAfter_gdwoOthers"
"738",0.226219587043751,"CD8 Tcells","BisqueRNA","correctedAfter_gdwoOthers"
"739",0.0930177966990205,"Proliferative Tcells","BisqueRNA","correctedAfter_gdwoOthers"
"740",0.148570440855866,"NK cells","BisqueRNA","correctedAfter_gdwoOthers"
"741",0.638583310531252,"Cancer cells","BSeqSC","correctedAfter_gd"
"742",0.0940935746431789,"Stromal cells","BSeqSC","correctedAfter_gd"
"743",0.068497484606334,"Macro/mono Lineage","BSeqSC","correctedAfter_gd"
"744",0.224561797053817,"Bcells","BSeqSC","correctedAfter_gd"
"745",0.301646296385025,"CD4 Tcells","BSeqSC","correctedAfter_gd"
"746",0.227517649317382,"Regulatory CD4 Tcells","BSeqSC","correctedAfter_gd"
"747",0.0477266637616342,"CD8 Tcells","BSeqSC","correctedAfter_gd"
"748",0.409484292664345,"Proliferative Tcells","BSeqSC","correctedAfter_gd"
"749",0.0132242004145709,"NK cells","BSeqSC","correctedAfter_gd"
"750",0.667361936815942,"Cancer cells","BSeqSC","correctedAfter_gdwoOthers"
"751",0.0991954977842905,"Stromal cells","BSeqSC","correctedAfter_gdwoOthers"
"752",0.0743502157831484,"Macro/mono Lineage","BSeqSC","correctedAfter_gdwoOthers"
"753",0.224368970386665,"Bcells","BSeqSC","correctedAfter_gdwoOthers"
"754",0.301102356985525,"CD4 Tcells","BSeqSC","correctedAfter_gdwoOthers"
"755",0.227205291292279,"Regulatory CD4 Tcells","BSeqSC","correctedAfter_gdwoOthers"
"756",0.0485542300526624,"CD8 Tcells","BSeqSC","correctedAfter_gdwoOthers"
"757",0.409384637453487,"Proliferative Tcells","BSeqSC","correctedAfter_gdwoOthers"
"758",0.0132463355448964,"NK cells","BSeqSC","correctedAfter_gdwoOthers"
"759",0.356254453486733,"Cancer cells","CIBERSORTx","correctedAfter_gd"
"760",0.250135149013005,"Stromal cells","CIBERSORTx","correctedAfter_gd"
"761",0.0770846825265529,"Macro/mono Lineage","CIBERSORTx","correctedAfter_gd"
"762",0.17980632385024,"Bcells","CIBERSORTx","correctedAfter_gd"
"763",0.0452753619638629,"CD4 Tcells","CIBERSORTx","correctedAfter_gd"
"764",0.0239203532598641,"Regulatory CD4 Tcells","CIBERSORTx","correctedAfter_gd"
"765",0.0223889277091139,"CD8 Tcells","CIBERSORTx","correctedAfter_gd"
"766",0.192745174672286,"Proliferative Tcells","CIBERSORTx","correctedAfter_gd"
"767",0.00481137781262467,"NK cells","CIBERSORTx","correctedAfter_gd"
"768",0.383719844120023,"Cancer cells","CIBERSORTx","correctedAfter_gdwoOthers"
"769",0.24571768248086,"Stromal cells","CIBERSORTx","correctedAfter_gdwoOthers"
"770",0.0820081676386498,"Macro/mono Lineage","CIBERSORTx","correctedAfter_gdwoOthers"
"771",0.179540884535415,"Bcells","CIBERSORTx","correctedAfter_gdwoOthers"
"772",0.0457089689124682,"CD4 Tcells","CIBERSORTx","correctedAfter_gdwoOthers"
"773",0.0240154171194034,"Regulatory CD4 Tcells","CIBERSORTx","correctedAfter_gdwoOthers"
"774",0.0243284014647083,"CD8 Tcells","CIBERSORTx","correctedAfter_gdwoOthers"
"775",0.19263717703046,"Proliferative Tcells","CIBERSORTx","correctedAfter_gdwoOthers"
"776",0.00496228791107166,"NK cells","CIBERSORTx","correctedAfter_gdwoOthers"
"777",0.314244709865165,"Cancer cells","DigitalDLSorter","correctedAfter_gd"
"778",0.340032477378635,"Stromal cells","DigitalDLSorter","correctedAfter_gd"
"779",0.08473750797713,"Macro/mono Lineage","DigitalDLSorter","correctedAfter_gd"
"780",0.0580209851402087,"Bcells","DigitalDLSorter","correctedAfter_gd"
"781",0.051973928186456,"CD4 Tcells","DigitalDLSorter","correctedAfter_gd"
"782",0.0459952649607153,"Regulatory CD4 Tcells","DigitalDLSorter","correctedAfter_gd"
"783",0.0783604155594882,"CD8 Tcells","DigitalDLSorter","correctedAfter_gd"
"784",0.152380657558849,"Proliferative Tcells","DigitalDLSorter","correctedAfter_gd"
"785",0.0476250508496612,"NK cells","DigitalDLSorter","correctedAfter_gd"
"786",0.333932737856219,"Cancer cells","DigitalDLSorter","correctedAfter_gdwoOthers"
"787",0.338672518015216,"Stromal cells","DigitalDLSorter","correctedAfter_gdwoOthers"
"788",0.0865558939040954,"Macro/mono Lineage","DigitalDLSorter","correctedAfter_gdwoOthers"
"789",0.0578332623049026,"Bcells","DigitalDLSorter","correctedAfter_gdwoOthers"
"790",0.0516411825670984,"CD4 Tcells","DigitalDLSorter","correctedAfter_gdwoOthers"
"791",0.0454969808275911,"Regulatory CD4 Tcells","DigitalDLSorter","correctedAfter_gdwoOthers"
"792",0.0773422316879022,"CD8 Tcells","DigitalDLSorter","correctedAfter_gdwoOthers"
"793",0.152192446391217,"Proliferative Tcells","DigitalDLSorter","correctedAfter_gdwoOthers"
"794",0.0474772995242208,"NK cells","DigitalDLSorter","correctedAfter_gdwoOthers"
"795",0.48848124956293,"Cancer cells","DWLS","correctedAfter_gd"
"796",0.154158515626451,"Stromal cells","DWLS","correctedAfter_gd"
"797",0.0882901137459677,"Macro/mono Lineage","DWLS","correctedAfter_gd"
"798",0.644898369633065,"Bcells","DWLS","correctedAfter_gd"
"799",0.0431611315454008,"CD4 Tcells","DWLS","correctedAfter_gd"
"800",0.0343666083249747,"Regulatory CD4 Tcells","DWLS","correctedAfter_gd"
"801",0.0223889277091139,"CD8 Tcells","DWLS","correctedAfter_gd"
"802",0.0800664436948086,"Proliferative Tcells","DWLS","correctedAfter_gd"
"803",0.00475716895576284,"NK cells","DWLS","correctedAfter_gd"
"804",0.517225110241714,"Cancer cells","DWLS","correctedAfter_gdwoOthers"
"805",0.152775799208394,"Stromal cells","DWLS","correctedAfter_gdwoOthers"
"806",0.086479818119073,"Macro/mono Lineage","DWLS","correctedAfter_gdwoOthers"
"807",0.644684044818328,"Bcells","DWLS","correctedAfter_gdwoOthers"
"808",0.0450370222461706,"CD4 Tcells","DWLS","correctedAfter_gdwoOthers"
"809",0.0339725643261852,"Regulatory CD4 Tcells","DWLS","correctedAfter_gdwoOthers"
"810",0.0243284014647083,"CD8 Tcells","DWLS","correctedAfter_gdwoOthers"
"811",0.0799662968605988,"Proliferative Tcells","DWLS","correctedAfter_gdwoOthers"
"812",0.00499416941866234,"NK cells","DWLS","correctedAfter_gdwoOthers"
"813",0.669878703070528,"Cancer cells","MOMF","correctedAfter_gd"
"814",0.135845635277065,"Stromal cells","MOMF","correctedAfter_gd"
"815",0.0795105133111493,"Macro/mono Lineage","MOMF","correctedAfter_gd"
"816",0.146284926442998,"Bcells","MOMF","correctedAfter_gd"
"817",0.0441609019534661,"CD4 Tcells","MOMF","correctedAfter_gd"
"818",0.00960896599112213,"Regulatory CD4 Tcells","MOMF","correctedAfter_gd"
"819",0.267196598262512,"CD8 Tcells","MOMF","correctedAfter_gd"
"820",0.0732470438122194,"Proliferative Tcells","MOMF","correctedAfter_gd"
"821",0.685712725598227,"NK cells","MOMF","correctedAfter_gd"
"822",0.698418981156978,"Cancer cells","MOMF","correctedAfter_gdwoOthers"
"823",0.144597619237742,"Stromal cells","MOMF","correctedAfter_gdwoOthers"
"824",0.0854396264694357,"Macro/mono Lineage","MOMF","correctedAfter_gdwoOthers"
"825",0.146095337710018,"Bcells","MOMF","correctedAfter_gdwoOthers"
"826",0.04749965883081,"CD4 Tcells","MOMF","correctedAfter_gdwoOthers"
"827",0.0102903695826728,"Regulatory CD4 Tcells","MOMF","correctedAfter_gdwoOthers"
"828",0.267223926332771,"CD8 Tcells","MOMF","correctedAfter_gdwoOthers"
"829",0.0731903467184958,"Proliferative Tcells","MOMF","correctedAfter_gdwoOthers"
"830",0.685537924513461,"NK cells","MOMF","correctedAfter_gdwoOthers"
"831",0.618458236090522,"Cancer cells","MuSiC_wGrouping","correctedAfter_gd"
"832",0.0770128244281821,"Stromal cells","MuSiC_wGrouping","correctedAfter_gd"
"833",0.127967698543996,"Macro/mono Lineage","MuSiC_wGrouping","correctedAfter_gd"
"834",0.0572324837190295,"Bcells","MuSiC_wGrouping","correctedAfter_gd"
"835",0.0343955266313984,"CD4 Tcells","MuSiC_wGrouping","correctedAfter_gd"
"836",0.169598871250331,"Regulatory CD4 Tcells","MuSiC_wGrouping","correctedAfter_gd"
"837",0.242851841806089,"CD8 Tcells","MuSiC_wGrouping","correctedAfter_gd"
"838",0.0196648130120086,"Proliferative Tcells","MuSiC_wGrouping","correctedAfter_gd"
"839",0.129957325630458,"NK cells","MuSiC_wGrouping","correctedAfter_gd"
"840",0.646910439232544,"Cancer cells","MuSiC_wGrouping","correctedAfter_gdwoOthers"
"841",0.0820296582232405,"Stromal cells","MuSiC_wGrouping","correctedAfter_gdwoOthers"
"842",0.125475557728461,"Macro/mono Lineage","MuSiC_wGrouping","correctedAfter_gdwoOthers"
"843",0.0570167988206374,"Bcells","MuSiC_wGrouping","correctedAfter_gdwoOthers"
"844",0.0377662089963571,"CD4 Tcells","MuSiC_wGrouping","correctedAfter_gdwoOthers"
"845",0.16903861234878,"Regulatory CD4 Tcells","MuSiC_wGrouping","correctedAfter_gdwoOthers"
"846",0.24164810906484,"CD8 Tcells","MuSiC_wGrouping","correctedAfter_gdwoOthers"
"847",0.0195703861706877,"Proliferative Tcells","MuSiC_wGrouping","correctedAfter_gdwoOthers"
"848",0.129780378737629,"NK cells","MuSiC_wGrouping","correctedAfter_gdwoOthers"
"849",0.300321309463106,"Cancer cells","Scaden","correctedAfter_gd"
"850",0.378435740510403,"Stromal cells","Scaden","correctedAfter_gd"
"851",0.0860956031149764,"Macro/mono Lineage","Scaden","correctedAfter_gd"
"852",0.0161127831611733,"Bcells","Scaden","correctedAfter_gd"
"853",0.0439087832804059,"CD4 Tcells","Scaden","correctedAfter_gd"
"854",0.00815867592612647,"Regulatory CD4 Tcells","Scaden","correctedAfter_gd"
"855",0.0216555601993018,"CD8 Tcells","Scaden","correctedAfter_gd"
"856",0.148220835292222,"Proliferative Tcells","Scaden","correctedAfter_gd"
"857",0.00908442739893376,"NK cells","Scaden","correctedAfter_gd"
"858",0.326770227454712,"Cancer cells","Scaden","correctedAfter_gdwoOthers"
"859",0.372181706792325,"Stromal cells","Scaden","correctedAfter_gdwoOthers"
"860",0.092039972925241,"Macro/mono Lineage","Scaden","correctedAfter_gdwoOthers"
"861",0.016016418308835,"Bcells","Scaden","correctedAfter_gdwoOthers"
"862",0.0472523449295437,"CD4 Tcells","Scaden","correctedAfter_gdwoOthers"
"863",0.00882464575266988,"Regulatory CD4 Tcells","Scaden","correctedAfter_gdwoOthers"
"864",0.0235987808986306,"CD8 Tcells","Scaden","correctedAfter_gdwoOthers"
"865",0.148120027434677,"Proliferative Tcells","Scaden","correctedAfter_gdwoOthers"
"866",0.00911387373235613,"NK cells","Scaden","correctedAfter_gdwoOthers"
"867",0.61149000204434,"Cancer cells","SCDC","correctedAfter_gd"
"868",0.427632800019458,"Stromal cells","SCDC","correctedAfter_gd"
"869",0.0894046256233449,"Macro/mono Lineage","SCDC","correctedAfter_gd"
"870",0.00422675222354473,"Bcells","SCDC","correctedAfter_gd"
"871",0.0441609019534661,"CD4 Tcells","SCDC","correctedAfter_gd"
"872",0.00960896599112213,"Regulatory CD4 Tcells","SCDC","correctedAfter_gd"
"873",0.0223889277091139,"CD8 Tcells","SCDC","correctedAfter_gd"
"874",0.374422739384371,"Proliferative Tcells","SCDC","correctedAfter_gd"
"875",0.00475716895576284,"NK cells","SCDC","correctedAfter_gd"
"876",0.640684230185882,"Cancer cells","SCDC","correctedAfter_gdwoOthers"
"877",0.420559191141722,"Stromal cells","SCDC","correctedAfter_gdwoOthers"
"878",0.0915731711027636,"Macro/mono Lineage","SCDC","correctedAfter_gdwoOthers"
"879",0.0045844294643717,"Bcells","SCDC","correctedAfter_gdwoOthers"
"880",0.04749965883081,"CD4 Tcells","SCDC","correctedAfter_gdwoOthers"
"881",0.0102903695826728,"Regulatory CD4 Tcells","SCDC","correctedAfter_gdwoOthers"
"882",0.0243284014647083,"CD8 Tcells","SCDC","correctedAfter_gdwoOthers"
"883",0.374319608307878,"Proliferative Tcells","SCDC","correctedAfter_gdwoOthers"
"884",0.00499416941866234,"NK cells","SCDC","correctedAfter_gdwoOthers"
"885",0.503436346379324,"Cancer cells","AutoGeneS_linear","uncorrected_woProl_gd"
"886",0.77112584460174,"Stromal cells","AutoGeneS_linear","uncorrected_woProl_gd"
"887",0.147717435778191,"Macro/mono Lineage","AutoGeneS_linear","uncorrected_woProl_gd"
"888",0.466173856786882,"Bcells","AutoGeneS_linear","uncorrected_woProl_gd"
"889",0.54344543780052,"CD4 Tcells","AutoGeneS_linear","uncorrected_woProl_gd"
"890",0.715961792617338,"Regulatory CD4 Tcells","AutoGeneS_linear","uncorrected_woProl_gd"
"891",0.130614192977154,"CD8 Tcells","AutoGeneS_linear","uncorrected_woProl_gd"
"892",0.107619565303564,"NK cells","AutoGeneS_linear","uncorrected_woProl_gd"
"893",0.530395647453782,"Cancer cells","AutoGeneS_linear","uncorrected_woProl_gdwoOthers"
"894",0.765421282181035,"Stromal cells","AutoGeneS_linear","uncorrected_woProl_gdwoOthers"
"895",0.152757783405536,"Macro/mono Lineage","AutoGeneS_linear","uncorrected_woProl_gdwoOthers"
"896",0.465965952261422,"Bcells","AutoGeneS_linear","uncorrected_woProl_gdwoOthers"
"897",0.542734718284963,"CD4 Tcells","AutoGeneS_linear","uncorrected_woProl_gdwoOthers"
"898",0.716376640407395,"Regulatory CD4 Tcells","AutoGeneS_linear","uncorrected_woProl_gdwoOthers"
"899",0.130303951318211,"CD8 Tcells","AutoGeneS_linear","uncorrected_woProl_gdwoOthers"
"900",0.107687513596106,"NK cells","AutoGeneS_linear","uncorrected_woProl_gdwoOthers"
"901",0.490987560198121,"Cancer cells","AutoGeneS_nnls","uncorrected_woProl_gd"
"902",0.455784875527719,"Stromal cells","AutoGeneS_nnls","uncorrected_woProl_gd"
"903",0.0825262893797019,"Macro/mono Lineage","AutoGeneS_nnls","uncorrected_woProl_gd"
"904",0.287159551055579,"Bcells","AutoGeneS_nnls","uncorrected_woProl_gd"
"905",0.0665809727415742,"CD4 Tcells","AutoGeneS_nnls","uncorrected_woProl_gd"
"906",0.00960896599112213,"Regulatory CD4 Tcells","AutoGeneS_nnls","uncorrected_woProl_gd"
"907",0.0223889277091139,"CD8 Tcells","AutoGeneS_nnls","uncorrected_woProl_gd"
"908",0.00774343568838641,"NK cells","AutoGeneS_nnls","uncorrected_woProl_gd"
"909",0.519133042358526,"Cancer cells","AutoGeneS_nnls","uncorrected_woProl_gdwoOthers"
"910",0.449705606079235,"Stromal cells","AutoGeneS_nnls","uncorrected_woProl_gdwoOthers"
"911",0.0886447960514333,"Macro/mono Lineage","AutoGeneS_nnls","uncorrected_woProl_gdwoOthers"
"912",0.286942293569707,"Bcells","AutoGeneS_nnls","uncorrected_woProl_gdwoOthers"
"913",0.0688287006847368,"CD4 Tcells","AutoGeneS_nnls","uncorrected_woProl_gdwoOthers"
"914",0.0102903695826728,"Regulatory CD4 Tcells","AutoGeneS_nnls","uncorrected_woProl_gdwoOthers"
"915",0.0243284014647083,"CD8 Tcells","AutoGeneS_nnls","uncorrected_woProl_gdwoOthers"
"916",0.00781714324808523,"NK cells","AutoGeneS_nnls","uncorrected_woProl_gdwoOthers"
"917",0.25636482634435,"Cancer cells","AutoGeneS_nusvr","uncorrected_woProl_gd"
"918",1.6853737917855,"Stromal cells","AutoGeneS_nusvr","uncorrected_woProl_gd"
"919",0.415253766993645,"Macro/mono Lineage","AutoGeneS_nusvr","uncorrected_woProl_gd"
"920",0.16928607125744,"Bcells","AutoGeneS_nusvr","uncorrected_woProl_gd"
"921",0.174037017712341,"CD4 Tcells","AutoGeneS_nusvr","uncorrected_woProl_gd"
"922",0.317742108808253,"Regulatory CD4 Tcells","AutoGeneS_nusvr","uncorrected_woProl_gd"
"923",0.514573644170174,"CD8 Tcells","AutoGeneS_nusvr","uncorrected_woProl_gd"
"924",0.897164020638129,"NK cells","AutoGeneS_nusvr","uncorrected_woProl_gd"
"925",0.277344243061657,"Cancer cells","AutoGeneS_nusvr","uncorrected_woProl_gdwoOthers"
"926",1.68585267945732,"Stromal cells","AutoGeneS_nusvr","uncorrected_woProl_gdwoOthers"
"927",0.415584352384463,"Macro/mono Lineage","AutoGeneS_nusvr","uncorrected_woProl_gdwoOthers"
"928",0.169273620883892,"Bcells","AutoGeneS_nusvr","uncorrected_woProl_gdwoOthers"
"929",0.174810905791242,"CD4 Tcells","AutoGeneS_nusvr","uncorrected_woProl_gdwoOthers"
"930",0.317689953507792,"Regulatory CD4 Tcells","AutoGeneS_nusvr","uncorrected_woProl_gdwoOthers"
"931",0.514627675922665,"CD8 Tcells","AutoGeneS_nusvr","uncorrected_woProl_gdwoOthers"
"932",0.897165030541553,"NK cells","AutoGeneS_nusvr","uncorrected_woProl_gdwoOthers"
"933",0.495921016274218,"Cancer cells","MuSiC_woGrouping","uncorrected_woProl_gd"
"934",0.529082501160234,"Stromal cells","MuSiC_woGrouping","uncorrected_woProl_gd"
"935",0.0569355944679305,"Macro/mono Lineage","MuSiC_woGrouping","uncorrected_woProl_gd"
"936",0.0195432727932954,"Bcells","MuSiC_woGrouping","uncorrected_woProl_gd"
"937",0.0441609019534661,"CD4 Tcells","MuSiC_woGrouping","uncorrected_woProl_gd"
"938",0.0724119650286301,"Regulatory CD4 Tcells","MuSiC_woGrouping","uncorrected_woProl_gd"
"939",0.0273144370908393,"CD8 Tcells","MuSiC_woGrouping","uncorrected_woProl_gd"
"940",0.00474649260733796,"NK cells","MuSiC_woGrouping","uncorrected_woProl_gd"
"941",0.524852846422503,"Cancer cells","MuSiC_woGrouping","uncorrected_woProl_gdwoOthers"
"942",0.522295765248335,"Stromal cells","MuSiC_woGrouping","uncorrected_woProl_gdwoOthers"
"943",0.0603198709899657,"Macro/mono Lineage","MuSiC_woGrouping","uncorrected_woProl_gdwoOthers"
"944",0.0195586316425188,"Bcells","MuSiC_woGrouping","uncorrected_woProl_gdwoOthers"
"945",0.04749965883081,"CD4 Tcells","MuSiC_woGrouping","uncorrected_woProl_gdwoOthers"
"946",0.0717737016008069,"Regulatory CD4 Tcells","MuSiC_woGrouping","uncorrected_woProl_gdwoOthers"
"947",0.0254227576824136,"CD8 Tcells","MuSiC_woGrouping","uncorrected_woProl_gdwoOthers"
"948",0.00496249002590453,"NK cells","MuSiC_woGrouping","uncorrected_woProl_gdwoOthers"
"949",0.51650829433273,"Cancer cells","AutoGeneS_linear","uncorrected_gd"
"950",0.63618906824457,"Stromal cells","AutoGeneS_linear","uncorrected_gd"
"951",0.129970438549167,"Macro/mono Lineage","AutoGeneS_linear","uncorrected_gd"
"952",0.454336639866594,"Bcells","AutoGeneS_linear","uncorrected_gd"
"953",0.656780969120483,"CD4 Tcells","AutoGeneS_linear","uncorrected_gd"
"954",0.955026735293078,"Regulatory CD4 Tcells","AutoGeneS_linear","uncorrected_gd"
"955",0.686293155337377,"CD8 Tcells","AutoGeneS_linear","uncorrected_gd"
"956",0.68845918852666,"Proliferative Tcells","AutoGeneS_linear","uncorrected_gd"
"957",0.0620212796269416,"NK cells","AutoGeneS_linear","uncorrected_gd"
"958",0.539544960570414,"Cancer cells","AutoGeneS_linear","uncorrected_gdwoOthers"
"959",0.630361599257068,"Stromal cells","AutoGeneS_linear","uncorrected_gdwoOthers"
"960",0.135129821690255,"Macro/mono Lineage","AutoGeneS_linear","uncorrected_gdwoOthers"
"961",0.454133426574067,"Bcells","AutoGeneS_linear","uncorrected_gdwoOthers"
"962",0.656347681576359,"CD4 Tcells","AutoGeneS_linear","uncorrected_gdwoOthers"
"963",0.955262336598871,"Regulatory CD4 Tcells","AutoGeneS_linear","uncorrected_gdwoOthers"
"964",0.686456249658468,"CD8 Tcells","AutoGeneS_linear","uncorrected_gdwoOthers"
"965",0.688456351248234,"Proliferative Tcells","AutoGeneS_linear","uncorrected_gdwoOthers"
"966",0.0620369153729497,"NK cells","AutoGeneS_linear","uncorrected_gdwoOthers"
"967",0.499507732172478,"Cancer cells","AutoGeneS_nnls","uncorrected_gd"
"968",0.432218659453367,"Stromal cells","AutoGeneS_nnls","uncorrected_gd"
"969",0.0807588246153828,"Macro/mono Lineage","AutoGeneS_nnls","uncorrected_gd"
"970",0.281016555891927,"Bcells","AutoGeneS_nnls","uncorrected_gd"
"971",0.0441609019534661,"CD4 Tcells","AutoGeneS_nnls","uncorrected_gd"
"972",0.00960896599112213,"Regulatory CD4 Tcells","AutoGeneS_nnls","uncorrected_gd"
"973",0.0223889277091139,"CD8 Tcells","AutoGeneS_nnls","uncorrected_gd"
"974",0.128444674230947,"Proliferative Tcells","AutoGeneS_nnls","uncorrected_gd"
"975",0.00467253255022608,"NK cells","AutoGeneS_nnls","uncorrected_gd"
"976",0.528151562036298,"Cancer cells","AutoGeneS_nnls","uncorrected_gdwoOthers"
"977",0.426439258282387,"Stromal cells","AutoGeneS_nnls","uncorrected_gdwoOthers"
"978",0.0868689793309298,"Macro/mono Lineage","AutoGeneS_nnls","uncorrected_gdwoOthers"
"979",0.280797140217364,"Bcells","AutoGeneS_nnls","uncorrected_gdwoOthers"
"980",0.04749965883081,"CD4 Tcells","AutoGeneS_nnls","uncorrected_gdwoOthers"
"981",0.0102903695826728,"Regulatory CD4 Tcells","AutoGeneS_nnls","uncorrected_gdwoOthers"
"982",0.0243284014647083,"CD8 Tcells","AutoGeneS_nnls","uncorrected_gdwoOthers"
"983",0.128426544397396,"Proliferative Tcells","AutoGeneS_nnls","uncorrected_gdwoOthers"
"984",0.00489906383053604,"NK cells","AutoGeneS_nnls","uncorrected_gdwoOthers"
"985",0.279465408897295,"Cancer cells","AutoGeneS_nusvr","uncorrected_gd"
"986",0.399976758189114,"Stromal cells","AutoGeneS_nusvr","uncorrected_gd"
"987",0.138452027170561,"Macro/mono Lineage","AutoGeneS_nusvr","uncorrected_gd"
"988",0.0504405871137256,"Bcells","AutoGeneS_nusvr","uncorrected_gd"
"989",0.0603663137528345,"CD4 Tcells","AutoGeneS_nusvr","uncorrected_gd"
"990",0.0672656552734252,"Regulatory CD4 Tcells","AutoGeneS_nusvr","uncorrected_gd"
"991",0.0789621526848816,"CD8 Tcells","AutoGeneS_nusvr","uncorrected_gd"
"992",0.0599376541621651,"Proliferative Tcells","AutoGeneS_nusvr","uncorrected_gd"
"993",0.0781450306620968,"NK cells","AutoGeneS_nusvr","uncorrected_gd"
"994",0.304209617165768,"Cancer cells","AutoGeneS_nusvr","uncorrected_gdwoOthers"
"995",0.393814119222477,"Stromal cells","AutoGeneS_nusvr","uncorrected_gdwoOthers"
"996",0.133836978336748,"Macro/mono Lineage","AutoGeneS_nusvr","uncorrected_gdwoOthers"
"997",0.0503472274776888,"Bcells","AutoGeneS_nusvr","uncorrected_gdwoOthers"
"998",0.0632356840684875,"CD4 Tcells","AutoGeneS_nusvr","uncorrected_gdwoOthers"
"999",0.0676714256735305,"Regulatory CD4 Tcells","AutoGeneS_nusvr","uncorrected_gdwoOthers"
"1000",0.08000945404736,"CD8 Tcells","AutoGeneS_nusvr","uncorrected_gdwoOthers"
"1001",0.0598992852263859,"Proliferative Tcells","AutoGeneS_nusvr","uncorrected_gdwoOthers"
"1002",0.0782801903180843,"NK cells","AutoGeneS_nusvr","uncorrected_gdwoOthers"
"1003",0.518835765778528,"Cancer cells","MuSiC_woGrouping","uncorrected_gd"
"1004",0.469446410078911,"Stromal cells","MuSiC_woGrouping","uncorrected_gd"
"1005",0.0561400931969932,"Macro/mono Lineage","MuSiC_woGrouping","uncorrected_gd"
"1006",0.0041966241111041,"Bcells","MuSiC_woGrouping","uncorrected_gd"
"1007",0.0441609019534661,"CD4 Tcells","MuSiC_woGrouping","uncorrected_gd"
"1008",0.00960896599112213,"Regulatory CD4 Tcells","MuSiC_woGrouping","uncorrected_gd"
"1009",0.0223889277091139,"CD8 Tcells","MuSiC_woGrouping","uncorrected_gd"
"1010",0.208723679272438,"Proliferative Tcells","MuSiC_woGrouping","uncorrected_gd"
"1011",0.00475716895576284,"NK cells","MuSiC_woGrouping","uncorrected_gd"
"1012",0.547734803005536,"Cancer cells","MuSiC_woGrouping","uncorrected_gdwoOthers"
"1013",0.462829651993139,"Stromal cells","MuSiC_woGrouping","uncorrected_gdwoOthers"
"1014",0.0603971332976173,"Macro/mono Lineage","MuSiC_woGrouping","uncorrected_gdwoOthers"
"1015",0.00454136619953251,"Bcells","MuSiC_woGrouping","uncorrected_gdwoOthers"
"1016",0.04749965883081,"CD4 Tcells","MuSiC_woGrouping","uncorrected_gdwoOthers"
"1017",0.0102903695826728,"Regulatory CD4 Tcells","MuSiC_woGrouping","uncorrected_gdwoOthers"
"1018",0.0243284014647083,"CD8 Tcells","MuSiC_woGrouping","uncorrected_gdwoOthers"
"1019",0.208600974084851,"Proliferative Tcells","MuSiC_woGrouping","uncorrected_gdwoOthers"
"1020",0.00499416941866234,"NK cells","MuSiC_woGrouping","uncorrected_gdwoOthers"
